timestamp,vehicle_id,site_lat,site_lon,ambient_temp_c,relative_humidity,solar_radiation_wm2,wind_speed_ms,reefer_internal_temp,door_open_minutes,wbgt,cooling_load_mw,delivery_delay_min,worker_incident_flag,q10_recovery_temp,thermal_lag_hours
2026-06-01 00:00:00,V102,33.43483015056412,-111.9604220182852,32.75,29.8,330.7,5.27,1.65,8,28.36,-1.2,2.98,0,18.78,117.86
2026-06-01 01:00:00,V101,33.47636531133312,-111.90967323686898,31.79,30.4,856.6,2.14,5.54,4,28.31,-14.41,-3.42,0,14.19,76.71
2026-06-01 02:00:00,V102,33.58457500645543,-111.94293781917747,32.97,29.4,531.3,1.39,4.36,9,28.88,-4.59,4.18,0,21.34,127.29
2026-06-01 03:00:00,V101,33.375758334622624,-112.1647068035522,34.28,34.1,938.2,4.22,1.98,7,31.32,5.66,-3.81,0,18.24,183.43
2026-06-01 04:00:00,V101,33.40777522437487,-111.97808090037434,31.65,17.7,496.8,0.71,1.97,5,25.58,-0.67,2.19,0,13.65,70.71
2026-06-01 05:00:00,V103,33.41380757697672,-112.10409995026784,31.65,16.0,736.4,3.91,4.58,8,25.35,-4.63,0.79,0,19.49,70.71
2026-06-01 06:00:00,V101,33.48166144729346,-111.90347520317638,34.37,16.7,411.4,4.34,6.06,9,27.17,2.55,-0.22,0,22.86,187.29
2026-06-01 07:00:00,V102,33.407019615912,-112.05439230505203,36.26,28.3,472.9,1.68,2.35,9,31.57,-5.76,-2.8,0,22.47,268.29
2026-06-01 08:00:00,V102,33.46005357758991,-112.16326983049233,37.3,23.3,343.0,0.73,5.18,7,31.21,-3.98,-1.21,0,21.35,312.86
2026-06-01 09:00:00,V103,33.53453709895351,-111.9824443355918,41.3,33.7,460.3,2.5,3.19,5,38.11,6.4,-2.45,0,18.19,484.29
2026-06-01 10:00:00,V102,33.51161567823366,-112.10309664048414,41.7,44.8,610.4,1.04,5.23,10,42.29,-17.24,-1.51,1,28.28,501.43
2026-06-01 11:00:00,V102,33.433910593953776,-111.9008765528755,42.89,26.6,943.8,1.14,5.02,6,38.09,-9.77,-2.76,1,22.11,552.43
2026-06-01 12:00:00,V102,33.55926485330225,-111.90606526264364,44.36,32.2,698.2,1.9,4.23,10,41.38,-4.93,-0.12,1,29.6,615.43
2026-06-01 13:00:00,V101,33.46744207487816,-112.00315979459384,40.72,27.5,349.4,2.13,1.25,4,35.52,-0.65,-0.4,0,14.26,459.43
2026-06-01 14:00:00,V101,33.46197175185066,-112.1610520653145,39.8,40.4,233.7,3.41,5.02,7,38.11,-0.2,-5.13,0,22.53,420.0
2026-06-01 15:00:00,V102,33.310256329781744,-111.99394170069748,39.64,42.1,294.8,4.23,4.75,12,38.42,-4.89,-0.94,0,29.13,413.14
2026-06-01 16:00:00,V103,33.59600789410715,-112.172090854062,36.48,41.3,621.9,3.76,4.62,8,34.92,4.19,3.69,0,22.16,277.71
2026-06-01 17:00:00,V101,33.336891242558885,-112.19119075226928,35.58,44.2,773.9,1.32,4.29,7,34.87,-3.58,-5.17,0,20.04,239.14
2026-06-01 18:00:00,V103,33.36933927372829,-111.95311246613356,30.64,15.8,905.3,1.45,2.68,6,24.87,-5.25,-1.55,0,15.3,27.43
2026-06-01 19:00:00,V102,33.315509051172455,-112.1370741156949,29.88,40.2,211.9,5.33,5.62,12,27.46,-3.49,-0.59,0,22.57,0.0
2026-06-01 20:00:00,V102,33.492000890051074,-112.08629186213427,34.2,37.6,592.1,3.57,5.35,5,31.66,-4.49,-4.04,0,16.7,180.0
2026-06-01 21:00:00,V101,33.3674103530918,-111.90796278300716,31.66,21.9,553.2,5.28,2.39,6,26.18,-2.41,-2.96,0,15.6,71.14
2026-06-01 22:00:00,V102,33.35400313124182,-112.09894784944169,32.1,43.7,692.0,2.54,5.97,5,30.89,-1.49,-1.57,0,16.25,90.0
2026-06-01 23:00:00,V101,33.32656667526697,-112.111053065615,29.86,19.4,619.7,3.88,4.2,10,24.49,-1.38,-3.67,0,20.42,0.0
2026-06-02 00:00:00,V102,33.330992687137204,-111.92453760011315,31.18,35.4,715.3,3.38,4.19,10,28.46,-5.24,1.76,0,21.25,50.57
2026-06-02 01:00:00,V102,33.47540121013277,-112.16677546640432,32.17,21.7,693.6,2.26,3.74,5,26.84,2.29,-0.66,0,14.93,93.0
2026-06-02 02:00:00,V101,33.50646235975998,-111.9721252769656,30.27,27.9,287.8,3.08,3.88,11,25.95,-1.8,3.99,0,21.49,11.57
2026-06-02 03:00:00,V101,33.41921369653932,-111.90358033000416,32.56,36.6,799.8,3.26,6.06,8,30.07,3.73,3.62,0,20.65,109.71
2026-06-02 04:00:00,V101,33.44396912447762,-111.9296111967676,31.1,31.9,292.4,1.6,5.55,4,27.43,-0.12,4.35,0,13.97,47.14
2026-06-02 05:00:00,V102,33.505790320794894,-112.00449962438807,31.56,27.8,723.9,2.23,5.52,8,27.5,-1.2,0.86,0,19.86,66.86
2026-06-02 06:00:00,V102,33.30521393705564,-112.1057817615022,31.1,24.8,512.1,4.85,4.28,3,26.23,3.57,-4.58,0,11.23,47.14
2026-06-02 07:00:00,V103,33.396939197121085,-112.12370340564652,37.88,40.2,585.4,5.54,5.33,4,36.08,2.39,-0.13,0,16.06,337.71
2026-06-02 08:00:00,V101,33.5919293244211,-111.95422346853856,37.98,19.3,877.5,2.48,2.75,6,31.23,1.44,-4.15,0,18.65,342.0
2026-06-02 09:00:00,V102,33.47403366890864,-111.93605342581448,38.9,27.9,867.4,2.19,4.88,13,34.35,4.33,0.69,0,29.63,381.43
2026-06-02 10:00:00,V102,33.37626737396925,-112.0423695262363,43.63,42.1,813.4,1.57,3.77,6,44.12,1.23,5.93,1,21.75,584.14
2026-06-02 11:00:00,V101,33.456519013990864,-112.12669801776408,41.76,40.4,582.6,4.23,0.91,5,40.79,-7.7,-7.4,1,16.98,504.0
2026-06-02 12:00:00,V103,33.40279604643627,-112.16611703747664,44.31,27.0,752.2,2.28,1.62,4,39.47,11.62,2.8,1,15.69,613.29
2026-06-02 13:00:00,V101,33.45967349664789,-112.17384615965044,40.65,37.9,584.7,5.93,3.01,8,38.6,-1.93,0.61,0,23.74,456.43
2026-06-02 14:00:00,V103,33.33772245354199,-111.98427676579384,40.4,39.7,852.2,2.29,4.62,5,39.29,-3.82,-6.15,0,18.7,445.71
2026-06-02 15:00:00,V102,33.33981439614578,-112.07396438164568,40.78,41.7,502.1,2.67,3.01,6,39.98,5.43,-0.87,0,20.05,462.0
2026-06-02 16:00:00,V103,33.34306270861182,-111.92839203771663,39.11,31.3,927.7,3.82,3.11,10,35.47,-4.11,-4.47,0,25.87,390.43
2026-06-02 17:00:00,V102,33.581945937578055,-111.97809860978198,35.36,21.1,899.2,4.91,5.14,16,29.38,4.71,-2.03,0,29.26,229.71
2026-06-02 18:00:00,V101,33.519869675502406,-112.14262187462565,31.83,22.7,756.2,3.08,3.17,5,26.78,-8.4,1.64,0,14.45,78.43
2026-06-02 19:00:00,V101,33.34871456839869,-112.01586677435527,31.55,23.9,409.6,2.82,6.0,10,26.44,-8.0,1.68,0,22.15,66.43
2026-06-02 20:00:00,V101,33.35650472512968,-112.06934836368056,29.78,32.8,298.7,5.98,5.75,6,26.21,-3.82,-1.59,0,16.59,0.0
2026-06-02 21:00:00,V103,33.519248842461266,-112.02682508076944,30.92,16.0,841.0,0.56,4.03,10,25.09,-3.1,-1.65,0,21.03,39.43
2026-06-02 22:00:00,V102,33.34684915343765,-111.97857926299844,31.31,34.1,324.0,5.42,5.13,6,27.85,1.42,-1.41,0,16.94,56.14
2026-06-02 23:00:00,V101,33.37036838800044,-111.95814123569886,33.59,25.9,840.7,1.32,4.93,9,29.03,4.11,4.1,0,21.94,153.86
2026-06-03 00:00:00,V101,33.58900404984612,-111.946878802078,32.52,23.9,568.1,4.82,3.63,11,27.29,-7.44,4.58,0,22.9,108.0
2026-06-03 01:00:00,V102,33.376591957418526,-112.1238075376284,29.36,41.4,504.9,3.9,5.29,4,27.53,8.07,7.12,0,13.23,0.0
2026-06-03 02:00:00,V101,33.498489705111346,-112.1906653200248,32.49,28.8,877.4,2.38,5.51,12,28.63,5.86,-0.64,0,24.36,106.71
2026-06-03 03:00:00,V102,33.59358938622016,-111.97821157945056,31.42,17.9,652.9,5.31,2.57,10,25.37,0.8,0.19,0,20.81,60.86
2026-06-03 04:00:00,V102,33.412289030141935,-112.16809688212328,30.98,39.8,632.5,0.57,4.23,6,29.1,-7.26,8.54,0,16.3,42.0
2026-06-03 05:00:00,V102,33.30525479725861,-112.10552412341612,32.92,16.4,619.1,1.75,4.21,12,26.35,0.25,-1.48,0,24.27,125.14
2026-06-03 06:00:00,V102,33.37324418712671,-112.1988548597627,33.55,36.8,478.4,3.62,5.27,10,30.74,-3.65,-0.07,0,23.15,152.14
2026-06-03 07:00:00,V102,33.549263157402514,-111.99549915527952,36.5,38.2,789.2,2.43,3.33,6,34.43,-1.03,3.12,0,18.3,278.57
2026-06-03 08:00:00,V103,33.55938265078651,-112.14986039655864,36.74,25.6,389.6,3.86,3.1,10,31.17,-4.4,-2.21,0,24.36,288.86
2026-06-03 09:00:00,V101,33.53055580935714,-112.0034152770925,40.02,39.7,904.2,0.63,4.25,8,38.98,-4.36,4.17,0,23.95,429.43
2026-06-03 10:00:00,V103,33.33393294572297,-111.90247721484964,42.89,30.5,870.5,1.14,5.77,10,39.32,6.94,-0.78,1,29.23,552.43
2026-06-03 11:00:00,V101,33.53865311150892,-112.178198738517,45.05,28.9,453.1,1.2,2.2,6,40.74,13.27,4.48,1,21.53,645.0
2026-06-03 12:00:00,V103,33.57560333909805,-112.17687659641456,43.28,16.4,747.1,1.54,2.46,5,34.78,7.19,-3.68,1,18.52,569.14
2026-06-03 13:00:00,V102,33.48018286276387,-112.0978859722,43.31,23.7,629.9,3.03,3.22,15,37.12,3.96,-2.59,1,34.36,570.43
2026-06-03 14:00:00,V101,33.58226260690142,-111.9400840457246,40.73,42.9,453.2,4.64,3.49,11,40.13,1.8,-0.3,0,28.33,459.86
2026-06-03 15:00:00,V101,33.54805166511356,-112.1353410393626,38.69,26.8,941.4,5.48,1.35,6,33.76,6.81,1.25,0,18.2,372.43
2026-06-03 16:00:00,V103,33.50009145509727,-112.0918866540209,39.22,31.4,218.9,5.09,6.25,10,34.84,-3.06,0.35,0,27.09,395.14
2026-06-03 17:00:00,V103,33.47315557101352,-112.17944837801193,37.14,31.0,389.5,1.58,3.8,8,32.98,-0.91,-1.79,0,22.16,306.0
2026-06-03 18:00:00,V101,33.40457210017259,-111.97105341262234,31.89,32.7,590.1,2.93,3.58,13,28.52,5.23,-3.21,0,24.17,81.0
2026-06-03 19:00:00,V103,33.34778623357284,-112.07750809717216,33.51,16.8,591.5,1.6,6.43,5,26.86,1.39,-0.16,0,17.09,150.43
2026-06-03 20:00:00,V103,33.48148617680716,-111.97222538008177,32.54,25.9,641.7,1.95,5.08,10,27.91,-6.69,1.89,0,22.44,108.86
2026-06-03 21:00:00,V103,33.39543346608544,-111.92891764669596,31.03,36.7,763.8,3.27,3.2,10,28.6,3.74,1.17,0,20.79,44.14
2026-06-03 22:00:00,V102,33.559931600258295,-112.1301710558696,32.54,21.0,667.6,0.87,4.25,2,27.05,-5.76,-2.44,0,9.38,108.86
2026-06-03 23:00:00,V102,33.59800108120759,-111.95778119089802,34.31,21.1,650.2,1.7,3.94,9,28.43,4.82,-2.37,0,21.96,184.71
2026-06-04 00:00:00,V103,33.52572832878467,-112.18227183297653,31.95,15.3,240.1,5.64,6.17,8,24.85,-5.31,0.41,0,20.37,83.57
2026-06-04 01:00:00,V103,33.32714450858612,-111.93034578354592,34.35,28.1,482.4,3.06,3.75,12,29.71,-4.83,1.85,0,25.13,186.43
2026-06-04 02:00:00,V102,33.38660567865919,-112.00476943573238,28.07,41.5,374.0,2.95,1.84,7,26.25,1.79,4.76,0,15.04,0.0
2026-06-04 03:00:00,V102,33.33273288952972,-111.9377319827585,33.23,16.6,399.0,0.58,1.18,11,26.46,1.43,4.57,0,22.56,138.43
2026-06-04 04:00:00,V101,33.495153494337515,-112.19994348013304,32.13,20.7,615.8,1.86,6.21,7,26.56,-1.16,0.71,0,19.26,91.29
2026-06-04 05:00:00,V101,33.52955725936673,-112.1492756788932,31.55,24.3,349.6,5.26,2.82,8,26.33,-3.53,0.47,0,18.64,66.43
2026-06-04 06:00:00,V102,33.577702449264216,-112.08307218377206,32.14,37.0,420.5,1.41,5.01,10,29.46,7.57,0.4,0,22.16,91.71
2026-06-04 07:00:00,V103,33.43145170392359,-112.0861491289876,32.12,34.2,377.8,2.78,4.11,7,28.8,-7.19,-3.07,0,18.21,90.86
2026-06-04 08:00:00,V103,33.57041269487654,-112.13198088512296,37.67,27.5,911.4,0.58,3.38,9,33.19,-4.51,1.21,0,23.73,328.71
2026-06-04 09:00:00,V103,33.5633673477124,-112.08551641803984,41.02,37.8,908.5,3.13,3.61,8,39.47,-10.78,-2.69,0,24.21,472.29
2026-06-04 10:00:00,V103,33.395158715029616,-112.16134538639992,44.61,33.3,657.5,0.62,6.38,7,42.1,1.45,-3.19,1,25.63,626.14
2026-06-04 11:00:00,V101,33.560670187662176,-112.0761716612202,42.81,41.9,893.4,5.01,1.83,9,42.88,1.33,6.34,1,26.15,549.0
2026-06-04 12:00:00,V102,33.41270167556452,-111.95929370125222,42.79,39.5,789.4,5.04,3.42,10,41.95,3.04,0.69,1,28.31,548.14
2026-06-04 13:00:00,V103,33.389060782368084,-112.056278981069,42.84,22.6,642.5,4.83,5.36,6,36.21,5.6,0.44,1,22.27,550.29
2026-06-04 14:00:00,V101,33.49472239763832,-112.19459997331644,43.77,23.1,204.8,2.06,2.08,3,36.99,-2.05,-2.37,1,12.89,590.14
2026-06-04 15:00:00,V103,33.398514368365525,-112.07356678752625,40.98,18.8,779.4,5.1,5.98,7,33.42,-2.74,0.0,0,23.6,470.57
2026-06-04 16:00:00,V102,33.48906262449874,-112.19184749517277,37.21,25.1,726.9,3.49,5.34,2,31.83,-0.29,-0.15,0,11.12,309.0
2026-06-04 17:00:00,V101,33.48294954164961,-111.91012697678796,35.88,45.0,661.4,2.56,4.41,10,35.22,-3.6,-0.79,0,24.3,252.0
2026-06-04 18:00:00,V102,33.46903167820454,-112.16176381217316,32.15,27.2,770.3,3.94,3.25,4,27.85,0.38,-0.2,0,12.78,92.14
2026-06-04 19:00:00,V102,33.414125911269835,-111.98769350210084,33.45,21.6,584.7,0.57,1.88,7,27.83,-4.22,-2.75,0,17.77,147.86
2026-06-04 20:00:00,V101,33.46454991649544,-111.9081671031324,30.95,37.9,728.1,1.29,5.06,13,28.8,2.49,4.53,0,23.89,40.71
2026-06-04 21:00:00,V101,33.478945642495624,-111.95218828450004,31.51,31.3,901.4,4.58,8.12,7,28.15,-2.51,3.24,0,19.89,64.71
2026-06-04 22:00:00,V101,33.46370606654864,-111.99020538746214,31.41,19.5,481.9,1.84,4.22,8,25.65,8.03,5.47,0,19.19,60.43
2026-06-04 23:00:00,V101,33.43332583582536,-111.94816172714978,29.8,26.4,731.1,3.79,1.26,5,25.72,3.97,-1.91,0,12.49,0.0
2026-06-05 00:00:00,V101,33.30440011711388,-111.90546039202182,32.44,27.4,556.8,2.62,4.69,8,27.99,5.05,5.4,0,19.97,104.57
2026-06-05 01:00:00,V101,33.47611851231034,-112.01359665082394,32.39,37.6,705.8,5.2,5.29,8,29.91,-9.45,-3.3,0,20.21,102.43
2026-06-05 02:00:00,V101,33.35053331554281,-112.0322445579512,32.01,15.6,772.2,5.74,2.62,6,25.48,-3.31,-0.17,0,15.88,86.14
2026-06-05 03:00:00,V103,33.49277279068416,-112.01152856686102,31.65,23.1,234.1,5.36,3.03,9,26.07,-0.1,1.1,0,20.01,70.71
2026-06-05 04:00:00,V102,33.52780329837686,-112.04019723397154,29.88,30.5,685.0,1.99,2.88,13,26.5,-3.64,-4.94,0,22.52,0.0
2026-06-05 05:00:00,V101,33.45013359273922,-112.00947326822708,31.37,23.1,370.1,1.57,3.2,9,26.17,-6.22,-1.44,0,19.92,58.71
2026-06-05 06:00:00,V103,33.46270909949392,-112.06504733760823,31.49,33.9,702.5,3.11,3.74,10,28.47,4.44,-3.5,0,21.28,63.86
2026-06-05 07:00:00,V103,33.5854435678998,-112.134467045135,33.9,29.5,551.2,0.54,2.71,11,29.8,-9.72,-2.96,0,23.52,167.14
2026-06-05 08:00:00,V103,33.55415020841177,-112.1639258320465,37.76,25.9,780.2,0.64,2.15,8,32.73,0.65,-3.8,0,21.76,332.57
2026-06-05 09:00:00,V102,33.57427095478544,-112.17949771934032,41.09,43.5,292.6,3.54,4.26,7,40.66,-1.82,4.0,0,22.8,475.29
2026-06-05 10:00:00,V101,33.544129886495874,-112.12100526487404,45.22,34.0,669.7,3.36,3.73,4,42.97,6.16,9.44,1,17.41,652.29
2026-06-05 11:00:00,V103,33.33267550255402,-112.18616293069928,43.85,18.9,408.9,5.97,3.35,3,35.59,0.02,2.99,1,13.85,593.57
2026-06-05 12:00:00,V102,33.344697556791054,-112.0298487660242,44.39,31.8,839.7,1.61,4.12,10,41.42,2.02,-5.19,1,29.58,616.71
2026-06-05 13:00:00,V102,33.45798713918069,-112.11485146589295,43.48,38.4,896.3,1.92,1.72,12,42.7,-2.41,-0.71,1,30.9,577.71
2026-06-05 14:00:00,V102,33.3738208976394,-111.95263955757387,39.51,36.3,947.3,1.12,4.39,8,37.44,4.06,0.97,0,23.73,407.57
2026-06-05 15:00:00,V103,33.443008642512346,-112.17772773810348,40.45,20.2,797.0,5.55,3.38,10,33.37,1.63,1.2,0,26.81,447.86
2026-06-05 16:00:00,V101,33.4183095971455,-112.13209455169756,38.09,44.2,765.3,4.78,4.36,6,37.58,-8.8,-0.47,0,19.58,346.71
2026-06-05 17:00:00,V103,33.46482427152914,-111.98092615587296,38.8,28.5,361.6,5.02,4.6,6,33.77,4.94,1.97,0,20.03,377.14
2026-06-05 18:00:00,V103,33.524062714840746,-112.02035751108497,31.71,19.8,452.0,5.47,5.7,8,25.72,-1.55,-4.66,0,20.02,73.29
2026-06-05 19:00:00,V101,33.514647272129785,-112.18065261862526,32.45,20.4,549.3,3.39,4.15,8,26.62,1.68,-1.01,0,19.73,105.0
2026-06-05 20:00:00,V101,33.4563702397456,-111.93682816285134,31.95,17.9,780.0,2.98,5.6,11,26.01,-0.34,0.38,0,23.18,83.57
2026-06-05 21:00:00,V101,33.54671802564512,-111.93682147115216,30.25,39.1,886.2,2.32,3.52,7,28.45,-4.13,-1.64,0,16.98,10.71
2026-06-05 22:00:00,V102,33.42925862746141,-112.10087759883729,33.71,18.7,341.9,3.74,3.59,9,27.04,-0.21,-1.6,0,21.46,159.0
2026-06-05 23:00:00,V101,33.56901428695204,-112.09787824699514,33.13,18.8,891.8,3.0,3.86,10,27.2,5.19,-1.98,0,22.36,134.14
2026-06-06 00:00:00,V103,33.32138408101655,-111.90329149249496,33.19,40.5,721.7,2.98,5.16,8,31.39,-4.87,-2.56,0,20.6,136.71
2026-06-06 01:00:00,V101,33.58639800900999,-112.01214714852206,30.64,25.3,658.1,5.65,4.95,4,26.05,-2.17,-0.8,0,13.42,27.43
2026-06-06 02:00:00,V103,33.496407924429406,-112.0406050438296,34.1,15.9,349.9,5.91,4.2,9,26.66,-7.23,-2.51,0,21.94,175.71
2026-06-06 03:00:00,V102,33.41402235268116,-111.94855434493442,29.9,16.6,241.6,4.88,2.16,3,23.63,5.56,-1.17,0,9.35,0.0
2026-06-06 04:00:00,V103,33.35914623797186,-112.1144128984928,32.88,19.3,626.3,4.66,4.92,12,26.75,2.94,-6.45,0,24.46,123.43
2026-06-06 05:00:00,V103,33.44375496883308,-112.0712452219811,35.29,21.4,688.6,4.24,2.71,9,29.21,4.06,2.72,0,22.04,226.71
2026-06-06 06:00:00,V101,33.35836749695559,-112.1196669973535,30.51,35.0,358.1,1.41,2.63,7,27.52,8.12,-4.34,0,16.67,21.86
2026-06-06 07:00:00,V101,33.34989948232294,-111.9632517460234,34.26,19.7,617.3,0.83,2.29,9,28.1,-8.24,-1.28,0,21.26,182.57
2026-06-06 08:00:00,V103,33.48520552722389,-112.02799519630943,38.15,18.6,842.4,4.3,3.88,4,31.06,-0.29,5.19,0,15.18,349.29
2026-06-06 09:00:00,V101,33.456925417374535,-112.002352478958,39.73,37.9,826.3,4.51,5.82,6,37.85,-3.13,-1.76,0,21.12,417.0
2026-06-06 10:00:00,V102,33.50102881038328,-112.12430782504818,40.07,35.1,895.5,0.76,2.55,5,37.69,2.74,-0.7,0,17.31,431.57
2026-06-06 11:00:00,V102,33.5788817632266,-112.1339324095868,43.69,28.1,474.4,5.6,6.52,9,38.75,1.1,-1.15,1,28.58,586.71
2026-06-06 12:00:00,V101,33.459678064001714,-112.05348761130512,42.41,31.5,438.5,1.0,5.36,12,38.7,2.45,1.82,1,31.25,531.86
2026-06-06 13:00:00,V102,33.47427961597884,-111.97873027527216,44.3,24.4,762.1,2.07,1.8,5,38.54,-5.54,-8.49,1,18.52,612.86
2026-06-06 14:00:00,V101,33.32688790174648,-112.04242807274396,41.01,29.5,523.3,4.2,3.43,8,36.49,4.22,-2.95,0,24.12,471.86
2026-06-06 15:00:00,V103,33.51529073577259,-112.1902062967363,42.81,30.2,265.7,1.43,2.44,7,38.52,-12.9,2.49,1,22.76,549.0
2026-06-06 16:00:00,V103,33.41997156204125,-111.93943454810392,36.83,26.6,412.1,0.8,5.0,10,31.67,10.79,-4.01,0,25.12,292.71
2026-06-06 17:00:00,V102,33.59301757159877,-112.18059393194548,34.62,42.2,513.9,2.32,2.52,8,33.06,3.83,-5.43,0,20.2,198.0
2026-06-06 18:00:00,V101,33.546952204678696,-111.91325265488378,33.22,15.5,419.4,4.71,1.57,8,26.05,0.49,1.0,0,19.0,138.0
2026-06-06 19:00:00,V101,33.45674431215483,-112.19245741251682,30.15,38.5,449.2,2.78,3.51,10,27.8,-5.03,-0.95,0,20.35,6.43
2026-06-06 20:00:00,V102,33.336966796251644,-111.9916648631608,32.34,18.7,420.3,4.09,5.75,10,26.04,-5.36,-1.04,0,22.56,100.29
2026-06-06 21:00:00,V103,33.55782473798418,-112.17533788088647,33.96,38.9,231.1,3.69,3.71,7,31.33,-10.15,5.47,0,18.94,169.71
2026-06-06 22:00:00,V102,33.539934328627204,-111.92679702616948,29.59,33.5,677.8,0.62,4.6,8,26.8,-1.89,-0.62,0,18.36,0.0
2026-06-06 23:00:00,V103,33.35537553886111,-112.06067002913234,32.28,40.3,648.0,5.94,4.66,12,30.22,0.32,-3.11,0,23.96,97.71
2026-06-07 00:00:00,V101,33.388583486766095,-112.15874286755488,32.39,17.9,690.0,0.73,1.73,2,26.37,4.63,1.58,0,7.29,102.43
2026-06-07 01:00:00,V103,33.538022177444354,-112.09775529006303,33.17,31.8,344.2,5.82,2.65,11,29.12,-1.23,1.01,0,23.01,135.86
2026-06-07 02:00:00,V102,33.355568533964224,-112.15055259739596,30.14,30.0,421.7,3.52,4.01,10,26.3,3.39,-0.45,0,20.53,6.0
2026-06-07 03:00:00,V101,33.57532574675142,-112.14882542653288,30.02,36.2,664.7,5.8,3.16,7,27.36,2.52,8.56,0,16.68,0.86
2026-06-07 04:00:00,V102,33.427358227558905,-111.91556750394858,32.78,31.0,649.7,1.13,6.56,15,29.15,2.81,-3.09,0,26.93,119.14
2026-06-07 05:00:00,V102,33.326111688776294,-112.06642616631456,32.45,31.2,579.7,3.2,2.16,5,28.72,-1.78,-0.84,0,14.08,105.0
2026-06-07 06:00:00,V103,33.544724593051285,-111.9633593208284,32.38,27.9,462.8,1.43,2.64,2,28.0,0.21,-0.99,0,8.03,102.0
2026-06-07 07:00:00,V102,33.41205290491151,-112.0081183316467,35.63,24.3,884.7,0.78,4.44,9,30.53,-2.95,1.37,0,22.95,241.29
2026-06-07 08:00:00,V103,33.45794975824614,-111.99707209129848,36.98,29.5,454.8,3.9,3.06,14,32.41,6.07,-2.57,0,28.62,299.14
2026-06-07 09:00:00,V101,33.33369130332336,-112.1604919684584,40.83,18.6,541.7,1.64,-0.34,7,33.16,-1.74,-0.18,0,20.39,464.14
2026-06-07 10:00:00,V103,33.300775204453494,-112.12974466595536,42.83,43.8,708.6,3.73,6.9,5,43.42,-1.45,-1.87,1,21.04,549.86
2026-06-07 11:00:00,V101,33.49139556173799,-111.96397489945367,42.52,36.4,607.3,1.12,2.39,9,40.6,-0.95,-0.74,1,26.2,536.57
2026-06-07 12:00:00,V103,33.45455255110012,-111.90877013805758,46.8,43.6,460.2,2.33,4.84,8,48.74,48.6,17.23,1,27.95,720.0
2026-06-07 13:00:00,V102,33.47806157073694,-112.1211973072204,44.3,21.8,526.7,4.8,2.12,9,37.23,-1.75,4.05,1,27.15,612.86
2026-06-07 14:00:00,V103,33.53812315511416,-112.11852937057468,40.61,41.4,795.9,2.9,2.71,8,39.96,-2.09,-0.39,0,23.58,454.71
2026-06-07 15:00:00,V103,33.49398177402686,-112.05813086015674,41.47,39.3,408.6,3.95,1.57,7,39.93,0.49,0.5,0,21.66,491.57
2026-06-07 16:00:00,V101,33.35243203284821,-111.90484790614336,36.54,35.3,306.7,4.06,2.89,8,33.22,1.82,-0.1,0,21.42,280.29
2026-06-07 17:00:00,V102,33.408231755733176,-112.11931231625206,36.29,33.8,434.9,5.14,3.03,7,32.68,-3.72,-2.45,0,19.77,269.57
2026-06-07 18:00:00,V103,33.57176733143633,-112.07790842710972,33.74,24.5,837.2,2.29,3.8,10,28.82,13.8,4.42,0,22.73,160.29
2026-06-07 19:00:00,V102,33.53098341007551,-111.93255599531297,30.77,39.5,266.7,4.28,3.44,8,28.3,4.43,-1.34,0,18.49,33.0
2026-06-07 20:00:00,V103,33.46699111738101,-112.1991236902136,33.45,30.0,943.8,5.79,1.84,5,29.62,5.32,2.84,0,14.28,147.86
2026-06-07 21:00:00,V103,33.37669349934278,-112.18807021050344,32.62,17.1,605.8,4.52,3.21,6,26.11,4.77,2.33,0,16.48,112.29
2026-06-07 22:00:00,V102,33.39061815055044,-112.01877849687864,33.23,24.4,938.6,3.19,6.17,8,28.43,7.97,-0.93,0,21.07,138.43
2026-06-07 23:00:00,V103,33.51958742027569,-111.92778595058616,34.85,43.1,904.2,3.97,5.99,8,33.82,-2.64,1.75,0,21.88,207.86
2026-06-08 00:00:00,V102,33.55535227825583,-112.12834300187944,31.63,40.5,539.6,4.57,4.68,9,29.57,4.09,3.74,0,20.67,69.86
2026-06-08 01:00:00,V103,33.501427400859185,-112.0591074675958,30.87,44.5,348.9,3.87,4.99,11,29.37,-0.05,-1.67,0,22.26,37.29
2026-06-08 02:00:00,V101,33.54285899273053,-112.06486040950266,30.67,33.8,323.7,0.59,7.09,12,27.46,-0.78,-0.1,0,23.57,28.71
2026-06-08 03:00:00,V102,33.52999684056012,-112.05810859617137,30.78,22.4,380.0,1.57,4.86,9,25.59,-2.37,-1.16,0,20.24,33.43
2026-06-08 04:00:00,V103,33.34491119038709,-112.01324409128108,31.88,19.9,732.6,4.96,4.97,5,26.18,-2.07,-1.61,0,15.56,80.57
2026-06-08 05:00:00,V103,33.42718344387399,-112.0590768711028,32.51,20.6,404.7,2.0,1.65,3,26.63,-6.94,1.94,0,9.65,107.57
2026-06-08 06:00:00,V101,33.345895140248565,-112.06575955760329,32.42,15.6,456.1,4.52,2.33,13,25.53,0.92,0.16,0,24.22,103.71
2026-06-08 07:00:00,V102,33.3705706754406,-112.05771347387062,36.35,26.7,536.6,2.55,3.95,12,31.29,1.11,-1.36,0,26.59,272.14
2026-06-08 08:00:00,V103,33.56077788739532,-112.02273976761867,38.02,20.7,884.9,3.37,2.79,16,31.59,4.7,0.61,0,30.91,343.71
2026-06-08 09:00:00,V101,33.44186758968996,-112.0388977534946,42.67,27.3,342.0,0.87,2.5,8,37.5,-2.32,6.63,1,24.62,543.0
2026-06-08 10:00:00,V103,33.4606074305528,-111.94375920070486,42.0,43.0,203.8,1.5,2.68,13,41.68,6.47,3.61,1,31.28,514.29
2026-06-08 11:00:00,V102,33.35353378956833,-112.1851509439519,47.67,27.9,245.1,5.76,1.86,10,42.91,59.32,19.66,1,30.82,757.29
2026-06-08 12:00:00,V103,33.39368153581464,-111.9500048785581,44.94,41.3,878.6,5.4,2.81,8,45.47,8.81,4.2,1,26.01,640.29
2026-06-08 13:00:00,V103,33.36907385052836,-111.9468226162165,42.31,33.2,685.6,4.09,4.51,13,39.24,-3.08,1.29,1,32.01,527.57
2026-06-08 14:00:00,V103,33.36185584935553,-112.11452759354071,40.79,22.4,404.8,3.03,6.69,10,34.06,9.62,3.02,0,28.25,462.43
2026-06-08 15:00:00,V103,33.49138823799479,-112.06114441349524,41.21,25.7,332.9,4.22,5.2,12,35.34,-2.54,-3.47,0,30.36,480.43
2026-06-08 16:00:00,V101,33.37706515429371,-112.06843845343876,37.66,17.5,420.7,3.9,4.95,8,29.97,4.2,-6.9,0,22.96,328.29
2026-06-08 17:00:00,V101,33.489604645806125,-112.13444704969376,36.18,25.0,286.1,3.63,1.56,9,30.43,-6.97,3.23,0,22.1,264.86
2026-06-08 18:00:00,V102,33.31753638423256,-112.08096094587412,32.71,35.3,906.1,0.83,4.18,9,30.19,2.89,4.73,0,21.11,116.14
2026-06-08 19:00:00,V101,33.342532318058126,-112.18668366834876,31.89,17.2,788.2,3.98,3.9,6,25.79,3.24,-4.69,0,16.53,81.0
2026-06-08 20:00:00,V101,33.38236207620004,-112.11665337816548,30.73,21.2,546.8,4.73,4.44,6,25.35,0.87,-1.55,0,16.3,31.29
2026-06-08 21:00:00,V102,33.47911407506871,-111.9549953473648,29.73,26.4,848.7,5.97,3.46,11,25.67,2.15,0.28,0,20.99,0.0
2026-06-08 22:00:00,V101,33.502752373526214,-112.11463130947114,31.33,44.5,387.1,0.56,6.49,7,30.04,17.08,-1.92,0,18.99,57.0
2026-06-08 23:00:00,V101,33.432815090033856,-111.95453799937552,33.28,38.5,737.8,4.52,4.08,11,31.02,2.7,-6.71,0,23.56,140.57
2026-06-09 00:00:00,V102,33.433737274373165,-112.04052016061868,32.32,37.0,842.1,3.64,4.23,10,29.94,0.4,1.85,0,21.99,99.43
2026-06-09 01:00:00,V102,33.517355055419586,-111.93604119679166,30.13,18.5,467.6,2.89,1.06,7,24.44,-0.76,-4.77,0,15.69,5.57
2026-06-09 02:00:00,V102,33.30474632752967,-112.02756613372068,32.26,38.4,768.1,1.2,3.84,5,30.2,3.39,-1.6,0,15.02,96.86
2026-06-09 03:00:00,V103,33.402327007342265,-112.19109953308056,32.58,38.6,421.3,2.75,5.72,3,30.12,8.67,1.45,0,12.68,110.57
2026-06-09 04:00:00,V103,33.54561211713577,-111.99737393773589,30.67,33.0,424.1,2.45,4.83,5,27.33,-2.76,-4.15,0,15.0,28.71
2026-06-09 05:00:00,V102,33.48096582306401,-112.18654392959291,32.23,44.7,280.3,2.17,0.77,4,30.82,5.87,0.54,0,11.14,95.57
2026-06-09 06:00:00,V102,33.40116813982662,-112.06482089430506,32.09,24.8,530.0,4.52,3.33,9,27.08,-0.94,-1.09,0,20.4,89.57
2026-06-09 07:00:00,V102,33.5716574376989,-111.92117199165808,33.39,43.2,747.3,4.35,6.6,11,32.1,-10.82,2.52,0,24.47,145.29
2026-06-09 08:00:00,V103,33.53178681823481,-112.15043881819864,38.54,42.4,905.2,3.74,3.77,2,37.83,-5.36,-2.1,0,10.07,366.0
2026-06-09 09:00:00,V103,33.37946863417102,-112.08303829411754,41.33,15.3,652.8,5.66,4.48,11,32.48,-11.87,4.1,0,29.06,485.57
2026-06-09 10:00:00,V101,33.49358695125772,-111.98104190734546,44.02,28.5,847.4,2.42,6.43,13,39.79,1.69,5.53,1,33.78,600.86
2026-06-09 11:00:00,V101,33.47872521845669,-111.93532243317156,45.17,44.3,816.9,1.84,3.77,10,47.03,10.75,2.71,1,29.94,650.14
2026-06-09 12:00:00,V102,33.42035637421169,-111.99871709857726,41.93,18.1,330.0,4.11,5.19,10,33.63,-0.89,-2.11,1,28.41,511.29
2026-06-09 13:00:00,V103,33.41008682376144,-112.12254802374264,42.18,31.4,564.4,1.59,4.62,10,38.51,-0.84,-4.89,1,28.36,522.0
2026-06-09 14:00:00,V103,33.40306814243271,-111.99761764412514,43.16,44.4,287.7,2.23,4.94,11,43.72,4.11,-5.43,1,30.44,564.0
2026-06-09 15:00:00,V103,33.485146735018695,-112.11098170766876,41.26,31.7,711.6,1.74,4.57,11,37.74,2.68,1.75,0,29.05,482.57
2026-06-09 16:00:00,V102,33.4327229809442,-111.9844712310544,38.77,20.7,912.4,0.88,3.18,8,32.39,1.63,2.71,0,22.78,375.86
2026-06-09 17:00:00,V101,33.549558933975426,-111.9137900617245,40.88,32.5,302.8,5.05,3.33,7,37.0,0.07,3.2,0,22.23,466.29
2026-06-09 18:00:00,V102,33.50088078484019,-111.98358196466812,32.86,21.1,750.4,1.9,2.72,8,27.35,4.93,-1.39,0,19.32,122.57
2026-06-09 19:00:00,V101,33.320979481712826,-111.94113584912628,33.7,30.6,674.2,3.1,1.54,6,29.83,-4.68,-0.59,0,16.05,158.57
2026-06-09 20:00:00,V101,33.49205046714845,-112.19936884704724,33.43,17.2,637.7,0.74,5.87,11,26.97,9.46,-2.73,0,24.26,147.0
2026-06-09 21:00:00,V102,33.381344230950056,-111.98472836258053,32.98,33.2,492.6,4.35,4.02,7,29.45,0.12,-2.04,0,18.6,127.71
2026-06-09 22:00:00,V101,33.477843597496026,-111.95112373294045,31.53,30.5,466.3,2.32,5.79,10,27.7,-0.02,0.6,0,22.06,65.57
2026-06-09 23:00:00,V101,33.504039579331035,-112.1878323787366,33.14,37.2,233.9,4.6,6.35,9,30.12,0.66,-3.53,0,22.25,134.57
2026-06-10 00:00:00,V103,33.3692487567462,-111.93852068181354,30.84,33.9,363.4,2.77,4.08,11,27.56,-6.82,-0.37,0,21.93,36.0
2026-06-10 01:00:00,V101,33.43705759346411,-112.122991731507,31.64,31.5,211.4,1.58,2.03,6,27.76,9.88,1.71,0,15.39,70.29
2026-06-10 02:00:00,V102,33.357097458845715,-112.0004123694066,31.27,35.7,636.1,3.32,3.71,5,28.52,2.55,-3.96,0,14.55,54.43
2026-06-10 03:00:00,V102,33.31570166273595,-111.95989353629298,32.12,19.3,279.4,1.22,2.99,6,25.99,-2.29,1.64,0,16.13,90.86
2026-06-10 04:00:00,V101,33.41354292704576,-112.0012006460822,35.47,32.9,854.8,2.92,1.03,10,32.19,-2.31,0.4,0,22.8,234.43
2026-06-10 05:00:00,V103,33.4088832815538,-112.17231456237802,29.2,20.2,592.4,2.25,3.25,10,24.18,-0.05,-0.62,0,19.65,0.0
2026-06-10 06:00:00,V103,33.59864414721128,-112.0211035443419,33.03,42.8,724.8,5.52,3.89,7,31.56,3.02,1.16,0,18.56,129.86
2026-06-10 07:00:00,V101,33.433905705359294,-112.03512490298336,32.69,17.1,508.1,0.84,3.04,5,26.25,-3.69,0.71,0,14.71,115.29
2026-06-10 08:00:00,V101,33.40007086484166,-111.92990361957771,37.29,27.9,620.4,4.32,2.84,4,32.45,-1.97,1.34,0,14.2,312.43
2026-06-10 09:00:00,V102,33.474142502015,-112.07872808110676,42.12,35.9,907.0,1.51,2.08,11,40.25,-9.0,6.11,1,28.79,519.43
2026-06-10 10:00:00,V101,33.32663021823233,-112.10367567087388,42.49,28.7,262.1,2.25,4.29,13,37.63,1.3,2.51,1,32.08,535.29
2026-06-10 11:00:00,V103,33.588499720786444,-111.97504477066909,41.97,17.8,390.5,2.79,6.8,5,33.69,2.55,0.6,1,20.64,513.0
2026-06-10 12:00:00,V101,33.49048801367731,-112.07619740217498,42.93,31.6,785.0,5.49,5.92,10,39.44,-5.3,1.53,1,29.31,554.14
2026-06-10 13:00:00,V102,33.52645134598225,-112.00617114749848,44.61,34.2,274.1,1.83,4.98,5,41.98,2.58,-1.89,1,20.57,626.14
2026-06-10 14:00:00,V102,33.351143381452175,-112.00606497296262,41.3,36.1,256.7,1.0,5.01,12,38.73,-2.15,1.03,0,30.37,484.29
2026-06-10 15:00:00,V102,33.42284335590156,-111.93358828069196,40.81,26.2,471.2,2.25,3.8,10,35.33,-4.53,-2.42,0,27.19,463.29
2026-06-10 16:00:00,V102,33.426806734018854,-112.02039227930428,38.07,31.9,269.1,1.08,1.29,10,34.04,10.01,0.97,0,24.54,345.86
2026-06-10 17:00:00,V102,33.546541933170325,-112.0493539170114,34.13,28.5,638.8,1.21,3.45,4,29.85,-4.26,1.76,0,13.56,177.0
2026-06-10 18:00:00,V101,33.30037100392782,-112.15833860208105,35.22,35.2,369.7,3.66,2.55,5,31.94,-0.55,-0.61,0,15.4,223.71
2026-06-10 19:00:00,V101,33.39025593250597,-112.1652787179964,32.95,32.5,871.8,0.83,4.23,13,29.84,5.99,1.73,0,25.12,126.43
2026-06-10 20:00:00,V101,33.59437091230329,-112.15370353041509,28.96,30.8,787.6,0.67,5.85,6,25.94,-2.62,-3.02,0,16.28,0.0
2026-06-10 21:00:00,V101,33.442465963051866,-112.14844545560187,32.28,22.5,724.8,4.43,6.96,12,27.0,8.27,2.77,0,24.65,97.71
2026-06-10 22:00:00,V102,33.414757884073204,-112.00863687220092,31.01,15.1,662.7,2.49,4.1,5,24.72,3.63,1.72,0,14.69,43.29
2026-06-10 23:00:00,V103,33.33594870060529,-111.97770562491765,33.28,20.2,847.6,1.19,1.5,10,27.64,2.7,4.6,0,21.59,140.57
2026-06-11 00:00:00,V101,33.59224938858841,-112.04100254312208,30.81,18.5,367.3,1.89,4.09,4,24.9,-9.44,1.79,0,12.9,34.71
2026-06-11 01:00:00,V103,33.306007906777744,-111.95129468023636,31.83,28.5,854.8,4.03,4.13,11,27.9,-1.5,5.6,0,22.61,78.43
2026-06-11 02:00:00,V101,33.521154067502174,-111.90262103197992,32.76,33.4,792.1,2.02,5.02,5,29.7,1.11,-4.83,0,15.93,118.29
2026-06-11 03:00:00,V101,33.53057994143655,-111.9539962112642,33.3,21.4,761.1,3.22,3.97,8,27.71,1.15,-1.6,0,20.12,141.43
2026-06-11 04:00:00,V103,33.37309701481916,-111.99153528789722,30.2,43.2,620.9,1.17,4.1,9,28.89,-0.19,2.82,0,19.59,8.57
2026-06-11 05:00:00,V102,33.50146753308391,-112.04025219016886,31.5,15.2,384.7,3.73,3.05,10,24.75,3.13,2.49,0,21.03,64.29
2026-06-11 06:00:00,V101,33.32787874331382,-112.0653440784976,31.29,38.2,517.7,2.24,3.53,4,28.92,-8.97,-1.04,0,12.68,55.29
2026-06-11 07:00:00,V101,33.37711417992962,-112.17468228583664,34.13,33.8,795.2,3.95,4.77,7,30.98,0.87,-1.5,0,19.55,177.0
2026-06-11 08:00:00,V101,33.53637059648768,-112.0801893754816,40.65,26.2,223.8,4.95,0.99,7,34.79,2.18,3.82,0,20.96,456.43
2026-06-11 09:00:00,V103,33.55940585761006,-111.92695960896536,41.09,16.5,786.5,3.86,3.52,4,32.88,-7.53,1.05,0,15.91,475.29
2026-06-11 10:00:00,V102,33.482545923797936,-111.95759321102804,40.5,33.8,380.1,2.13,5.03,18,37.2,2.95,-1.43,0,34.64,450.0
2026-06-11 11:00:00,V103,33.45205152954615,-112.1351845904965,44.97,26.6,308.2,1.91,6.46,7,39.61,1.58,3.46,1,25.85,641.57
2026-06-11 12:00:00,V103,33.34779120618569,-112.06001766459084,47.18,43.1,286.8,2.3,3.4,7,48.92,44.81,19.39,1,25.44,736.29
2026-06-11 13:00:00,V102,33.31893270992374,-111.95498303923245,45.14,31.3,220.4,1.41,5.78,1,41.5,10.55,-6.02,1,9.53,648.86
2026-06-11 14:00:00,V103,33.335294708542065,-112.17978463356437,40.11,43.2,592.7,1.5,6.54,8,39.74,-1.15,-3.21,0,25.03,433.29
2026-06-11 15:00:00,V102,33.368207190028826,-112.0837822242994,39.76,21.6,363.7,4.85,3.42,8,32.76,-2.28,2.06,0,23.43,418.29
2026-06-11 16:00:00,V101,33.40250235056907,-111.94444762893782,39.9,36.8,942.1,2.62,3.16,6,37.94,-2.5,3.04,0,19.74,424.29
2026-06-11 17:00:00,V102,33.414272857653295,-112.07883064074896,34.04,33.5,630.8,2.9,3.73,9,30.72,-1.56,-1.32,0,21.72,173.14
2026-06-11 18:00:00,V101,33.4038965305767,-112.17671560658056,32.67,37.2,303.4,3.77,3.88,4,29.77,-1.44,-0.47,0,13.37,114.43
2026-06-11 19:00:00,V103,33.37171659965918,-112.03723968944033,33.16,21.4,716.6,3.74,5.64,6,27.52,6.87,0.53,0,18.06,135.43
2026-06-11 20:00:00,V103,33.45291727402551,-111.94147725152452,30.61,34.9,873.3,0.87,2.84,12,28.13,-4.18,0.01,0,22.25,26.14
2026-06-11 21:00:00,V101,33.54758583246987,-112.02291433711406,31.91,29.9,758.9,5.07,6.31,15,28.08,3.75,-0.11,0,26.2,81.86
2026-06-11 22:00:00,V103,33.38391106154144,-112.13211626753574,27.14,37.3,257.3,1.48,2.8,3,24.76,-3.18,1.62,0,9.11,0.0
2026-06-11 23:00:00,V102,33.58271610573067,-112.0847281139588,30.46,24.8,871.9,4.48,2.1,9,26.09,3.71,1.54,0,18.93,19.71
2026-06-12 00:00:00,V101,33.56200099851716,-112.06496299164544,31.62,41.7,795.4,4.75,4.79,6,30.03,2.65,-1.2,0,16.9,69.43
2026-06-12 01:00:00,V103,33.34852926340563,-112.02622009385384,30.13,17.5,318.7,4.43,5.85,5,24.05,-2.04,-1.04,0,15.4,5.57
2026-06-12 02:00:00,V101,33.53588278702713,-111.9721946922742,34.45,39.2,238.8,3.68,4.27,4,31.9,4.9,1.36,0,14.22,190.71
2026-06-12 03:00:00,V102,33.47237621469533,-112.17033791470782,29.85,40.8,618.0,0.58,4.65,13,28.18,-4.01,0.99,0,22.98,0.0
2026-06-12 04:00:00,V102,33.469972608651425,-111.93310439009474,31.34,39.5,317.0,2.48,6.93,7,28.99,3.16,1.62,0,19.22,57.43
2026-06-12 05:00:00,V103,33.41731282891745,-112.1963070890952,32.2,30.4,825.9,3.83,5.87,8,28.56,1.95,-5.06,0,20.37,94.29
2026-06-12 06:00:00,V102,33.4503458997546,-112.08898429959773,34.16,28.2,468.8,2.63,4.05,8,29.57,2.44,2.26,0,20.63,178.29
2026-06-12 07:00:00,V101,33.41915363322876,-112.1917739070082,32.95,44.9,884.7,5.25,3.35,9,32.06,-4.12,-2.85,0,20.92,126.43
2026-06-12 08:00:00,V102,33.461919785627984,-112.08210773239642,39.74,21.9,624.3,2.2,5.64,10,33.22,6.12,-6.03,0,27.2,417.43
2026-06-12 09:00:00,V101,33.48838501583179,-112.042256220338,40.5,31.4,337.0,2.11,5.24,14,36.44,-6.38,2.83,0,31.8,450.0
2026-06-12 10:00:00,V101,33.50229114192271,-112.04649558402556,40.92,35.1,304.7,1.96,4.63,3,37.99,-8.36,-6.92,0,14.04,468.0
2026-06-12 11:00:00,V102,33.459744357767825,-112.15031149589151,44.28,36.0,632.4,2.33,3.51,4,42.57,-0.16,3.11,1,16.95,612.0
2026-06-12 12:00:00,V103,33.51642662019862,-112.00627784697132,44.3,21.1,771.4,3.57,3.89,8,37.28,-3.21,-2.71,1,26.14,612.86
2026-06-12 13:00:00,V102,33.34238341478265,-112.1865664648486,42.69,34.6,786.1,4.39,3.78,9,40.22,1.84,2.67,1,26.87,543.86
2026-06-12 14:00:00,V101,33.36359474727067,-111.97142795396029,42.5,39.6,406.8,4.14,3.53,13,41.28,-4.69,-1.98,1,31.88,535.71
2026-06-12 15:00:00,V101,33.54562050122228,-111.91600666980194,39.91,16.5,353.2,4.94,3.1,5,31.42,10.07,0.37,0,17.58,424.71
2026-06-12 16:00:00,V102,33.39675839335392,-112.09806935185466,38.17,42.3,212.6,5.37,4.4,8,36.6,2.51,-0.4,0,23.0,350.14
2026-06-12 17:00:00,V103,33.306868147492835,-112.0448281854857,36.1,15.9,709.4,4.99,3.03,4,28.59,-2.11,-1.17,0,13.93,261.43
2026-06-12 18:00:00,V103,33.346137344900406,-112.08632691658237,34.38,25.7,257.4,0.6,4.27,8,29.13,0.89,2.18,0,20.85,187.71
2026-06-12 19:00:00,V101,33.36708433034889,-112.19798688290878,30.14,15.5,515.6,4.55,0.85,5,23.91,5.25,-2.7,0,12.37,6.0
2026-06-12 20:00:00,V101,33.58719686636838,-112.08423764913148,35.2,17.3,651.3,1.65,3.1,12,28.32,2.79,4.83,0,25.53,222.86
2026-06-12 21:00:00,V103,33.47191242867925,-111.9624839222216,29.07,42.3,902.8,1.23,5.65,6,27.93,6.75,1.65,0,16.22,0.0
2026-06-12 22:00:00,V102,33.57981922214288,-112.02120334734497,31.77,25.6,433.9,4.01,2.65,9,26.89,-6.02,4.72,0,19.93,75.86
2026-06-12 23:00:00,V101,33.472549005148984,-112.16962202561544,32.88,27.7,387.3,2.26,4.89,8,28.28,6.64,1.55,0,20.3,123.43
2026-06-13 00:00:00,V101,33.443806332041355,-111.94585815309188,32.42,21.5,690.6,0.81,2.77,12,27.07,0.54,1.38,0,23.49,103.71
2026-06-13 01:00:00,V103,33.39411830735823,-112.04067439653444,31.07,32.9,664.4,1.26,5.16,11,27.97,7.89,3.67,0,22.45,45.86
2026-06-13 02:00:00,V102,33.481911283330014,-111.9474829914766,31.69,32.8,449.1,0.51,3.55,6,28.33,-0.53,-0.11,0,16.25,72.43
2026-06-13 03:00:00,V103,33.341759407385254,-112.02593354436448,31.26,26.2,896.1,5.47,3.5,7,26.97,6.72,1.08,0,17.47,54.0
2026-06-13 04:00:00,V102,33.56947848818781,-112.03209346654862,31.12,25.0,833.6,0.64,4.08,3,26.82,-5.94,-0.27,0,11.09,48.0
2026-06-13 05:00:00,V102,33.54879972154239,-112.1684222444409,33.27,41.5,368.0,1.65,1.98,10,31.39,-3.18,-2.12,0,21.76,140.14
2026-06-13 06:00:00,V102,33.39525943436302,-112.14979208005842,32.54,26.5,379.4,2.79,5.46,4,27.72,-2.86,-0.03,0,14.39,108.86
2026-06-13 07:00:00,V101,33.58583925828039,-111.90839242305104,34.07,29.8,584.2,2.46,5.96,9,29.95,3.54,1.84,0,22.64,174.43
2026-06-13 08:00:00,V103,33.54756023022467,-112.13145397597356,39.35,23.5,780.2,5.51,3.46,13,33.31,-7.05,-2.44,0,29.57,400.71
2026-06-13 09:00:00,V103,33.499892065750515,-111.90676436460288,40.95,38.6,233.0,0.72,4.79,13,39.07,-6.85,0.0,0,31.1,469.29
2026-06-13 10:00:00,V102,33.33652857333758,-112.04042618804272,43.61,26.9,720.0,3.32,5.17,11,38.61,8.5,-0.08,1,30.81,583.29
2026-06-13 11:00:00,V101,33.44347020691442,-112.15926328588084,44.54,30.4,686.2,4.24,3.86,11,40.8,1.96,-1.03,1,31.0,623.14
2026-06-13 12:00:00,V101,33.451832266454026,-112.1702093391739,42.76,22.6,373.6,5.62,2.34,6,35.82,-1.44,1.04,1,20.58,546.86
2026-06-13 13:00:00,V103,33.36976540750961,-112.13734077878829,42.75,44.6,711.0,3.91,6.39,4,43.58,-1.08,-0.09,1,18.38,546.43
2026-06-13 14:00:00,V101,33.323989618307785,-111.9223088009924,43.51,23.7,905.1,4.92,3.41,11,37.5,6.48,-1.36,1,30.16,579.0
2026-06-13 15:00:00,V101,33.53301708914151,-112.07575493270154,41.4,38.1,235.1,0.96,3.09,6,39.45,8.3,-4.15,0,20.38,488.57
2026-06-13 16:00:00,V102,33.33661051563732,-112.08136971960214,37.97,27.8,439.7,2.62,6.46,3,32.98,-0.34,-1.14,0,14.63,341.57
2026-06-13 17:00:00,V101,33.47828722516853,-112.10603812167896,35.28,21.2,528.6,2.56,4.92,15,29.08,-1.14,0.75,0,28.51,226.29
2026-06-13 18:00:00,V102,33.5809347521651,-112.15588144483004,33.92,39.0,874.4,5.37,4.39,4,31.87,3.3,0.07,0,14.13,168.0
2026-06-13 19:00:00,V103,33.56283155777941,-112.05364464084228,31.11,25.0,921.7,1.33,2.54,14,26.86,6.16,-0.65,0,24.06,47.57
2026-06-13 20:00:00,V101,33.383325787124775,-112.16098566524666,32.82,41.0,533.1,1.34,5.2,7,31.01,0.22,2.97,0,19.1,120.86
2026-06-13 21:00:00,V103,33.55543459126538,-111.9493559290853,31.7,42.5,762.5,2.31,8.34,7,30.34,4.89,1.59,0,20.1,72.86
2026-06-13 22:00:00,V103,33.30009975183614,-112.08888090411742,31.67,40.8,598.7,0.8,5.32,11,29.91,-1.94,-1.46,0,22.9,71.57
2026-06-13 23:00:00,V101,33.30530634288397,-112.08755892966546,33.65,16.1,603.3,1.5,4.74,5,26.84,3.7,3.64,0,16.12,156.43
2026-06-14 00:00:00,V101,33.48076594915286,-112.05779807145504,33.24,38.6,408.6,5.81,5.08,8,30.61,-0.7,-1.0,0,20.59,138.86
2026-06-14 01:00:00,V103,33.40943946574336,-112.06676168605028,33.22,27.3,362.7,2.86,3.51,7,28.44,-2.55,2.79,0,18.47,138.0
2026-06-14 02:00:00,V101,33.41593825234774,-111.9015426080822,33.96,41.2,416.0,3.98,3.49,3,31.97,-11.88,5.36,0,11.39,169.71
2026-06-14 03:00:00,V102,33.46933232720367,-112.03638566363452,32.03,34.1,617.2,4.49,3.47,7,28.85,-3.26,-2.78,0,17.85,87.0
2026-06-14 04:00:00,V102,33.35753473667756,-112.17353948886304,33.02,40.0,221.9,2.52,3.14,8,30.65,-3.64,1.02,0,19.59,129.43
2026-06-14 05:00:00,V101,33.36352660519964,-112.01793679752691,31.53,30.0,880.4,1.31,3.47,6,28.07,-2.6,0.8,0,16.13,65.57
2026-06-14 06:00:00,V103,33.44538047610566,-112.15452471213904,32.49,31.1,317.2,1.64,3.46,5,28.55,-6.95,-6.49,0,14.88,106.71
2026-06-14 07:00:00,V101,33.52627606330316,-112.1907187065806,34.91,19.3,365.1,2.22,3.63,8,28.22,3.53,-0.94,0,20.85,210.43
2026-06-14 08:00:00,V101,33.48584932542228,-111.90877735389684,38.15,38.5,588.7,4.0,3.59,5,36.02,-2.15,-2.45,0,17.19,349.29
2026-06-14 09:00:00,V103,33.38920651447105,-111.96793833253965,41.38,27.6,732.6,2.69,4.36,9,36.57,-0.85,0.27,0,26.33,487.71
2026-06-14 10:00:00,V103,33.429101153252674,-111.90596730227588,41.16,30.0,271.8,0.54,4.12,6,36.73,3.94,1.75,0,20.83,478.29
2026-06-14 11:00:00,V102,33.351199427565,-112.05663646559331,46.73,38.6,438.3,3.38,4.25,9,46.51,41.64,13.38,1,29.46,717.0
2026-06-14 12:00:00,V103,33.322388944301125,-112.04032274065533,42.49,33.0,926.5,5.57,6.28,12,39.54,-4.04,0.84,1,31.58,535.29
2026-06-14 13:00:00,V102,33.53480881222325,-112.14949891322426,41.77,21.0,396.8,4.97,4.12,12,34.43,-7.51,-5.99,1,30.43,504.43
2026-06-14 14:00:00,V103,33.379616222756454,-112.12592777199971,44.13,32.7,434.8,5.04,7.32,5,40.87,-4.65,-1.2,1,21.8,605.57
2026-06-14 15:00:00,V101,33.35332991635537,-111.94843523552916,41.67,27.2,827.4,4.87,4.53,8,36.73,-3.89,-0.29,1,24.98,500.14
2026-06-14 16:00:00,V102,33.5074854166708,-112.09314430586473,38.94,29.1,237.7,2.28,3.33,6,34.08,-0.21,5.5,0,19.4,383.14
2026-06-14 17:00:00,V102,33.48541550228616,-111.95195550786109,36.05,15.8,548.5,4.71,6.02,4,28.38,-3.04,-0.3,0,15.92,259.29
2026-06-14 18:00:00,V102,33.48995688780404,-111.9872958827139,31.98,21.3,484.7,1.29,3.88,6,26.45,-2.42,0.53,0,16.56,84.86
2026-06-14 19:00:00,V101,33.36866838145398,-112.14684872241844,30.65,23.4,437.4,4.12,0.41,8,25.59,6.87,3.2,0,17.06,27.86
2026-06-14 20:00:00,V101,33.3697936615688,-112.04776609016407,32.11,36.4,414.3,4.03,3.99,5,29.18,6.04,-1.35,0,15.05,90.43
2026-06-14 21:00:00,V101,33.36624078893569,-111.9967838035444,30.98,15.3,268.5,0.64,3.63,7,24.43,-0.08,0.85,0,17.4,42.0
2026-06-14 22:00:00,V101,33.352125778698685,-112.12948883555886,33.46,27.3,436.1,4.83,6.41,9,28.62,-6.21,-1.83,0,22.46,148.29
2026-06-14 23:00:00,V101,33.496717101768496,-111.950793446844,31.78,42.7,232.3,5.47,2.65,7,29.77,5.89,1.21,0,17.31,76.29
2026-06-15 00:00:00,V102,33.55440476557482,-112.03655170273645,30.76,18.4,785.7,1.97,3.5,12,25.26,0.27,3.43,0,22.55,32.57
2026-06-15 01:00:00,V101,33.517295240903,-112.15042738486724,31.52,30.5,498.7,4.97,5.9,10,27.59,-1.25,-0.5,0,22.09,65.14
2026-06-15 02:00:00,V102,33.537628090128166,-112.02510467215062,32.62,38.6,532.9,0.95,4.59,13,30.36,1.2,-2.01,0,24.98,112.29
2026-06-15 03:00:00,V101,33.42143952872556,-111.90008585875324,31.15,43.3,870.2,3.8,3.74,4,29.97,1.54,-5.03,0,12.78,49.29
2026-06-15 04:00:00,V103,33.4962227386116,-112.15484355250098,30.77,37.4,693.5,3.17,2.87,10,28.42,3.72,1.6,0,20.51,33.0
2026-06-15 05:00:00,V102,33.40627087213343,-111.95497292096417,32.37,36.6,206.0,3.5,4.53,8,29.28,3.98,5.77,0,19.86,101.57
2026-06-15 06:00:00,V103,33.45765138659059,-112.13780729904374,32.37,39.8,907.4,5.59,3.96,6,30.49,-1.75,-3.86,0,16.78,101.57
2026-06-15 07:00:00,V102,33.444490453960455,-111.96528350116198,34.35,28.4,377.9,5.29,2.85,6,29.56,2.99,6.63,0,17.06,186.43
2026-06-15 08:00:00,V103,33.35306614354315,-111.97962662306358,37.29,39.2,280.7,4.82,2.93,12,34.91,-2.21,-3.03,0,26.94,312.43
2026-06-15 09:00:00,V101,33.416123628100685,-112.10985318431987,40.83,15.2,776.1,2.01,2.78,13,32.35,5.75,4.47,0,30.46,464.14
2026-06-15 10:00:00,V101,33.58914668264471,-112.10225306473068,40.22,42.7,575.4,5.52,2.51,11,39.52,-2.19,-2.95,0,27.67,438.0
2026-06-15 11:00:00,V101,33.37457407731448,-111.96224358241112,41.48,28.3,525.3,1.04,5.4,11,36.77,4.25,0.1,0,29.47,492.0
2026-06-15 12:00:00,V102,33.34014112088384,-112.0615663464338,42.92,31.6,387.1,5.19,5.2,5,39.04,0.85,0.77,1,20.04,553.71
2026-06-15 13:00:00,V103,33.42557418648718,-111.98075459138646,43.27,22.6,610.6,2.3,5.4,8,36.72,5.58,2.17,1,26.25,568.71
2026-06-15 14:00:00,V101,33.53710132075805,-112.15560475579024,42.86,37.3,405.8,0.8,4.01,9,41.13,-0.24,-2.36,1,27.06,551.14
2026-06-15 15:00:00,V103,33.47464446893399,-111.94423266542954,42.7,17.3,876.2,4.18,3.64,15,34.58,0.32,-0.3,1,33.98,544.29
2026-06-15 16:00:00,V103,33.50429244817148,-111.9867345849953,39.29,41.2,361.4,1.77,3.66,12,37.94,-4.97,-3.06,0,28.56,398.14
2026-06-15 17:00:00,V101,33.3569084544524,-111.92791715734955,34.87,39.8,863.3,1.84,5.53,7,33.18,-5.87,-5.45,0,20.3,208.71
2026-06-15 18:00:00,V101,33.48568445790232,-112.16028828628951,31.97,21.5,619.6,2.18,1.27,9,26.57,-3.63,-3.76,0,19.49,84.43
2026-06-15 19:00:00,V103,33.39705011847344,-112.02209564989182,30.5,39.3,821.4,0.85,3.23,7,28.73,10.99,2.92,0,16.96,21.43
2026-06-15 20:00:00,V101,33.550291009786434,-112.02026382448793,31.97,38.6,734.6,1.47,2.67,7,29.9,-2.91,2.12,0,17.42,84.43
2026-06-15 21:00:00,V101,33.48878964180322,-112.09396177783596,31.57,34.0,722.5,0.53,6.04,3,28.72,2.74,-4.39,0,12.66,67.29
2026-06-15 22:00:00,V101,33.35965688333258,-112.06246007262922,32.48,26.2,443.3,2.95,3.28,9,27.66,-2.05,-0.33,0,20.61,106.29
2026-06-15 23:00:00,V102,33.31938500395322,-112.18860553101304,30.76,23.1,375.4,0.96,1.55,10,25.72,-0.29,-1.02,0,20.01,32.57
2026-06-16 00:00:00,V103,33.312789962786105,-111.9762419884119,32.78,22.0,358.2,4.25,4.34,10,26.95,9.17,1.41,0,22.32,119.14
2026-06-16 01:00:00,V103,33.41142257029504,-112.03520325617905,34.3,24.6,842.9,1.8,3.44,11,29.35,2.05,-3.59,0,24.03,184.29
2026-06-16 02:00:00,V102,33.37975534099629,-112.18267768443926,31.84,42.1,815.3,5.69,3.16,6,30.29,0.93,0.97,0,16.1,78.86
2026-06-16 03:00:00,V103,33.49382703703876,-111.99577323211186,32.6,17.3,530.4,5.29,3.01,5,26.02,-11.04,1.92,0,14.65,111.43
2026-06-16 04:00:00,V101,33.44980015049359,-112.05996537683065,33.04,39.9,299.3,2.09,2.95,4,30.75,10.75,0.82,0,12.87,130.29
2026-06-16 05:00:00,V103,33.379805783401615,-112.18966162217252,31.4,25.5,486.7,4.81,5.06,6,26.58,12.48,-2.56,0,16.94,60.0
2026-06-16 06:00:00,V101,33.34477133338505,-111.90911768194556,32.34,30.6,664.5,4.92,4.34,11,28.5,-1.45,-5.26,0,23.02,100.29
2026-06-16 07:00:00,V102,33.338159928806235,-111.91526635707318,35.12,38.8,540.8,5.93,3.7,10,32.7,6.36,-0.09,0,23.56,219.43
2026-06-16 08:00:00,V101,33.559398117642125,-112.04612927515583,38.15,41.5,785.1,3.79,2.35,15,37.02,-8.64,3.42,0,30.16,349.29
2026-06-16 09:00:00,V103,33.37304339052146,-112.17189827378824,39.33,25.3,948.2,0.95,3.75,9,34.19,-4.39,3.88,0,24.86,399.86
2026-06-16 10:00:00,V103,33.49551319437329,-111.97361363352044,42.43,28.9,343.3,4.06,4.39,4,37.62,-2.2,-1.96,1,16.93,532.71
2026-06-16 11:00:00,V103,33.54320577839588,-112.05242066996828,44.34,27.4,544.7,3.94,4.45,11,39.36,-0.52,3.16,1,31.06,614.57
2026-06-16 12:00:00,V102,33.48422439335542,-112.1092657565132,46.18,15.4,523.2,4.01,4.24,11,36.58,24.38,15.08,1,32.22,693.43
2026-06-16 13:00:00,V102,33.55786956949409,-112.05257454674144,45.03,23.9,428.4,2.19,2.62,9,38.77,6.14,2.16,1,27.79,644.14
2026-06-16 14:00:00,V103,33.41771811645854,-112.04326675637836,45.62,28.8,348.6,5.23,0.4,11,41.04,28.29,9.42,1,30.57,669.43
2026-06-16 15:00:00,V101,33.58686665719468,-112.03118649029332,39.33,27.3,249.3,5.78,6.7,9,33.8,-0.78,0.82,0,26.06,399.86
2026-06-16 16:00:00,V102,33.33994350125343,-112.0676328859034,39.31,36.7,865.3,1.7,2.04,4,37.22,-8.48,-0.19,0,14.33,399.0
2026-06-16 17:00:00,V103,33.33064485889726,-112.01827340905828,35.38,26.5,514.9,0.98,1.05,11,30.42,6.37,-0.36,0,23.95,230.57
2026-06-16 18:00:00,V103,33.49760764386223,-111.92437958681808,35.28,29.7,572.7,1.57,4.2,3,31.08,6.25,-2.29,0,12.26,226.29
2026-06-16 19:00:00,V102,33.58284934242398,-112.09131957387042,30.79,27.9,887.7,5.01,1.44,8,26.89,7.03,-0.25,0,17.6,33.86
2026-06-16 20:00:00,V102,33.5426650384909,-111.98228506103402,30.74,37.2,782.2,4.22,2.79,8,28.39,1.68,1.45,0,18.18,31.71
2026-06-16 21:00:00,V102,33.32292505783141,-111.93166423295274,31.1,40.9,297.9,4.0,4.82,4,28.91,7.27,-2.96,0,13.48,47.14
2026-06-16 22:00:00,V101,33.383810314180415,-112.06320621727204,28.81,31.0,624.1,2.71,6.66,3,25.57,-1.66,-2.49,0,12.4,0.0
2026-06-16 23:00:00,V101,33.57909566545135,-112.06696324908545,31.21,38.7,531.7,3.68,4.58,4,28.87,4.59,2.42,0,13.36,51.86
2026-06-17 00:00:00,V103,33.37591752984024,-112.01936490439356,30.86,23.9,797.9,2.19,3.34,6,26.3,4.16,3.87,0,15.76,36.86
2026-06-17 01:00:00,V102,33.53435112713608,-112.02257797217324,32.23,31.2,743.2,3.12,3.92,8,28.69,-0.3,-3.89,0,19.51,95.57
2026-06-17 02:00:00,V101,33.54753965877861,-111.95802319730213,32.51,25.4,717.8,4.86,1.29,9,27.72,1.57,0.49,0,19.82,107.57
2026-06-17 03:00:00,V102,33.44863563103829,-112.05705498486653,34.81,27.4,455.4,5.9,3.32,5,29.81,4.35,0.12,0,15.71,206.14
2026-06-17 04:00:00,V103,33.4159046729545,-111.90116311510818,33.43,37.0,803.7,5.63,3.33,8,30.88,4.4,2.41,0,19.91,147.0
2026-06-17 05:00:00,V101,33.43503732972593,-112.18215852933982,31.13,41.4,239.3,5.64,4.23,7,28.89,-5.89,-0.55,0,17.77,48.43
2026-06-17 06:00:00,V101,33.36808940830961,-112.1990496454258,30.65,18.6,319.7,2.71,6.91,9,24.71,-0.62,-2.54,0,21.0,27.86
2026-06-17 07:00:00,V101,33.566817274838655,-112.00794050653212,35.84,34.0,451.7,3.08,1.09,6,32.4,-7.35,2.84,0,16.77,250.29
2026-06-17 08:00:00,V103,33.435185897018926,-112.11046952629144,36.02,32.5,257.6,4.38,3.39,5,31.97,-1.11,-0.4,0,16.23,258.0
2026-06-17 09:00:00,V102,33.56473783213683,-112.12788528339016,43.23,18.6,376.2,5.57,1.25,1,34.91,-3.35,2.61,1,5.24,567.0
2026-06-17 10:00:00,V101,33.33170804397188,-112.10643027599872,44.16,21.4,822.6,1.28,3.24,9,37.42,-0.83,-1.98,1,27.52,606.86
2026-06-17 11:00:00,V103,33.59648258130004,-112.12318573046852,42.89,24.3,911.2,2.17,2.7,8,37.23,-1.66,4.22,1,24.83,552.43
2026-06-17 12:00:00,V102,33.43298192623308,-112.19076298510188,41.43,20.0,428.5,1.27,1.76,3,34.02,-7.7,3.4,0,12.04,489.86
2026-06-17 13:00:00,V103,33.314349246118226,-111.90854008728284,45.62,22.3,398.4,3.87,5.37,7,38.64,25.96,8.81,1,25.63,669.43
2026-06-17 14:00:00,V102,33.31140655447123,-112.13377635346416,42.22,23.0,409.9,2.18,4.38,9,35.65,4.84,1.1,1,26.84,523.71
2026-06-17 15:00:00,V103,33.52386217724455,-111.97979107122322,42.34,25.1,408.3,2.29,5.19,6,36.44,-3.67,-0.2,1,21.95,528.86
2026-06-17 16:00:00,V102,33.497710660261106,-111.97122108159176,35.61,37.5,226.9,0.89,3.2,5,32.85,5.16,-2.88,0,15.95,240.43
2026-06-17 17:00:00,V101,33.54063916743828,-111.92122278059784,34.21,32.2,895.2,2.42,3.89,5,30.9,-3.53,-5.43,0,15.82,180.43
2026-06-17 18:00:00,V102,33.33161026018584,-112.190835162872,32.01,44.6,360.3,5.24,6.39,9,30.5,-8.07,0.39,0,21.59,86.14
2026-06-17 19:00:00,V103,33.31067126011066,-111.9383854984659,32.07,27.4,515.0,1.78,4.0,8,27.67,1.08,3.01,0,19.46,88.71
2026-06-17 20:00:00,V103,33.45257378683427,-112.04183214574806,31.32,37.6,207.3,4.32,5.21,9,28.43,-0.3,0.16,0,20.7,56.57
2026-06-17 21:00:00,V102,33.41627856944483,-112.01023676701026,32.93,41.1,843.5,3.96,3.07,6,31.32,-2.54,0.72,0,16.54,125.57
2026-06-17 22:00:00,V101,33.43858408100129,-112.0066589168637,30.4,35.4,748.4,5.25,5.07,7,27.68,-4.53,5.16,0,17.82,17.14
2026-06-17 23:00:00,V101,33.59747652266108,-111.9540606585046,31.79,27.4,910.1,1.23,3.18,6,27.86,6.24,4.53,0,16.09,76.71
2026-06-18 00:00:00,V102,33.5912249873012,-112.09997780335227,32.18,37.6,786.2,5.88,1.16,8,29.75,3.15,5.48,0,18.24,93.43
2026-06-18 01:00:00,V102,33.58269461690196,-111.980084643042,32.77,21.1,435.3,3.7,3.99,10,26.87,1.58,1.99,0,22.18,118.71
2026-06-18 02:00:00,V103,33.5351528030303,-112.04142656708336,33.07,24.8,385.9,5.98,3.29,14,27.68,-7.09,-2.93,0,25.73,131.57
2026-06-18 03:00:00,V101,33.406452408077065,-111.9619817957084,30.31,31.4,723.3,5.51,1.56,11,26.89,-1.13,2.91,0,20.74,13.29
2026-06-18 04:00:00,V102,33.42363927907883,-111.90283619016895,29.7,32.3,473.1,1.72,4.29,15,26.44,-9.32,-0.52,0,24.03,0.0
2026-06-18 05:00:00,V101,33.464884813115674,-112.13980469477887,33.92,15.7,624.7,0.81,2.66,6,27.01,3.78,0.24,0,16.76,168.0
2026-06-18 06:00:00,V102,33.54916033692145,-111.901605407532,32.5,43.4,204.7,1.91,8.64,10,30.79,3.42,0.8,0,23.72,107.14
2026-06-18 07:00:00,V102,33.320613849755475,-112.17305635371515,33.98,35.9,246.4,3.4,1.8,4,30.75,-10.9,1.08,0,12.41,170.57
2026-06-18 08:00:00,V101,33.427289065765464,-112.19930473562856,40.33,29.9,601.5,1.44,2.18,5,36.12,-0.32,2.01,0,17.19,442.71
2026-06-18 09:00:00,V102,33.32478529903778,-112.18675141914666,40.66,43.0,624.6,1.42,5.3,7,40.4,1.71,-4.52,0,23.1,456.86
2026-06-18 10:00:00,V102,33.454397275972056,-112.09746527857898,44.16,28.2,763.6,3.04,3.8,11,39.72,-8.39,6.37,1,30.73,606.86
2026-06-18 11:00:00,V103,33.56967024720187,-112.01012810079648,43.69,44.4,299.0,0.68,5.27,5,44.54,-8.51,-0.64,1,20.39,586.71
2026-06-18 12:00:00,V102,33.534745477369185,-112.17929113773364,47.09,30.4,584.9,1.17,4.57,8,43.85,49.64,17.95,1,27.98,732.43
2026-06-18 13:00:00,V102,33.36835272526293,-112.19830025564112,46.22,18.4,345.8,2.79,3.13,9,37.7,24.4,9.75,1,28.7,695.14
2026-06-18 14:00:00,V102,33.59279725487964,-111.91887269146235,42.02,37.9,269.9,0.85,1.93,15,40.17,2.78,4.73,1,33.07,515.14
2026-06-18 15:00:00,V103,33.50020511941393,-111.95342200921804,41.94,35.4,507.9,2.68,5.61,6,39.42,4.81,0.1,1,22.0,511.71
2026-06-18 16:00:00,V101,33.303128309819215,-111.9572450486583,38.97,38.2,322.5,3.11,2.07,6,36.64,-6.85,-1.09,0,18.72,384.43
2026-06-18 17:00:00,V103,33.37662404540556,-111.9346727173494,37.16,43.5,366.3,2.98,4.84,7,36.01,3.86,2.34,0,21.11,306.86
2026-06-18 18:00:00,V103,33.378213989975976,-111.98998971816836,30.55,38.3,438.2,5.28,5.38,6,28.0,-6.34,-3.63,0,16.74,23.57
2026-06-18 19:00:00,V101,33.32077629188576,-112.16867876107558,33.03,33.3,394.5,3.42,3.81,4,29.46,-7.32,0.65,0,13.44,129.86
2026-06-18 20:00:00,V103,33.58794795542278,-112.08026994357787,33.59,40.7,265.7,3.07,3.54,3,31.38,-0.7,4.37,0,11.33,153.86
2026-06-18 21:00:00,V101,33.443476588372775,-111.98305515406062,29.36,35.2,267.4,2.76,2.52,8,26.36,9.9,-3.68,0,17.3,0.0
2026-06-18 22:00:00,V103,33.568744379211566,-112.11589966176254,30.23,27.2,344.9,5.0,4.69,8,25.76,0.35,-0.08,0,18.75,9.86
2026-06-18 23:00:00,V101,33.39666465103339,-111.99377809075914,28.94,41.6,237.9,5.42,-0.57,4,26.82,5.11,-2.2,0,9.16,0.0
2026-06-19 00:00:00,V102,33.337570071129846,-112.1926504655197,31.6,21.7,669.8,5.19,5.07,5,26.22,9.14,4.55,0,15.51,68.57
2026-06-19 01:00:00,V103,33.44230083297186,-112.10815879773612,33.08,36.4,415.5,4.2,4.18,11,30.1,-0.16,-1.61,0,23.46,132.0
2026-06-19 02:00:00,V103,33.334186990414295,-112.03526089911684,34.25,41.4,409.8,1.26,3.67,7,32.45,7.89,2.42,0,19.06,182.14
2026-06-19 03:00:00,V103,33.44580465089326,-112.01037305114814,32.11,36.9,449.0,2.02,4.36,10,29.41,0.88,-4.02,0,21.9,90.43
2026-06-19 04:00:00,V103,33.576089154365825,-112.02688780066144,34.44,35.9,697.1,0.75,1.94,9,31.79,7.55,-3.37,0,21.23,190.29
2026-06-19 05:00:00,V102,33.456230442550265,-111.99067311717798,29.93,37.6,853.0,5.62,0.38,8,27.71,3.49,-3.4,0,16.65,0.0
2026-06-19 06:00:00,V103,33.48494991806852,-112.19817337552806,29.44,29.0,769.3,4.13,4.7,8,25.86,1.2,1.14,0,18.32,0.0
2026-06-19 07:00:00,V102,33.346991531092144,-112.16971764000677,35.02,41.2,745.6,4.6,5.97,11,33.39,4.95,-4.74,0,25.35,215.14
2026-06-19 08:00:00,V102,33.31312068776399,-111.93931672431626,38.58,21.1,563.3,2.21,1.39,12,31.91,-4.36,0.75,0,27.38,367.71
2026-06-19 09:00:00,V102,33.33324238865394,-111.99547540677295,40.44,18.8,720.4,5.15,2.42,8,32.89,-3.15,1.4,0,23.36,447.43
2026-06-19 10:00:00,V102,33.47955947270531,-112.1661205071942,39.29,23.6,614.6,1.93,5.13,8,33.3,-3.66,1.83,0,23.94,398.14
2026-06-19 11:00:00,V101,33.32850350969769,-111.94737766878043,43.46,30.9,362.2,0.51,4.54,6,39.62,-1.19,-1.0,1,22.1,576.86
2026-06-19 12:00:00,V101,33.412797866982395,-112.12733063465264,42.04,30.3,356.4,2.57,8.44,13,37.75,-1.63,2.11,1,32.88,516.0
2026-06-19 13:00:00,V103,33.465027582137445,-112.05652203474143,44.6,39.6,422.3,3.64,5.61,4,44.01,6.26,3.56,1,18.46,625.71
2026-06-19 14:00:00,V101,33.41659583958895,-112.1564410461346,42.94,27.1,883.1,3.13,5.25,12,38.15,0.16,-0.45,1,31.59,554.57
2026-06-19 15:00:00,V101,33.34910514043959,-111.98696698307349,39.08,29.5,610.6,5.24,2.85,4,34.55,-1.83,-0.97,0,14.79,389.14
2026-06-19 16:00:00,V103,33.38213739225423,-111.99994367369573,37.23,15.4,750.4,1.08,4.79,12,29.58,-4.44,-3.75,0,27.46,309.86
2026-06-19 17:00:00,V103,33.57849525985458,-112.13666625865017,33.52,27.3,459.9,3.55,6.24,9,28.76,0.44,1.33,0,22.43,150.86
2026-06-19 18:00:00,V103,33.502794682675905,-111.9409797699429,31.91,34.4,505.8,3.32,3.75,10,28.75,-9.75,-2.4,0,21.55,81.86
2026-06-19 19:00:00,V101,33.448814351603964,-112.07960819273409,33.43,15.5,294.2,2.05,3.82,10,26.21,7.82,1.85,0,22.54,147.0
2026-06-19 20:00:00,V101,33.303814466996066,-112.11224547267878,30.52,23.4,328.5,5.02,4.21,8,25.33,-8.22,3.33,0,18.7,22.29
2026-06-19 21:00:00,V103,33.59772462014684,-112.15430112316064,32.76,21.2,820.5,4.64,3.0,6,27.22,-5.83,-2.44,0,16.43,118.29
2026-06-19 22:00:00,V102,33.50143648046839,-112.12014959624534,31.2,16.3,638.6,4.53,4.4,11,24.94,2.04,-0.5,0,22.28,51.43
2026-06-19 23:00:00,V103,33.39507674320348,-112.19339192363286,30.81,29.4,453.1,5.32,4.37,8,26.71,10.88,3.28,0,18.93,34.71
2026-06-20 00:00:00,V102,33.563780597999354,-112.02502275226315,31.84,20.5,802.1,4.48,6.22,8,26.35,0.54,3.36,0,20.33,78.86
2026-06-20 01:00:00,V102,33.377529486087546,-111.94733077609682,30.45,37.3,384.9,1.78,3.72,10,27.86,-8.77,-1.0,0,20.62,19.29
2026-06-20 02:00:00,V103,33.46320497375483,-112.03530586516752,31.17,40.4,932.0,4.38,5.01,9,29.5,1.91,0.43,0,20.53,50.14
2026-06-20 03:00:00,V103,33.49082122911895,-112.13421781142284,30.2,31.4,458.6,2.19,3.76,8,26.69,-4.42,6.42,0,18.32,8.57
2026-06-20 04:00:00,V103,33.36631901143612,-112.18989924653584,34.95,44.5,453.0,1.83,4.96,3,33.89,-0.24,1.32,0,12.73,212.14
2026-06-20 05:00:00,V101,33.59351918364018,-112.13561157802236,32.05,28.5,433.9,0.9,3.62,9,27.82,-1.65,-2.42,0,20.49,87.86
2026-06-20 06:00:00,V102,33.5244575717937,-112.07516357157868,30.95,30.4,291.6,4.59,4.86,10,26.88,-1.28,-1.8,0,21.35,40.71
2026-06-20 07:00:00,V101,33.46734396765332,-111.97211657139006,35.43,44.7,283.4,4.41,5.09,6,34.17,-0.04,0.76,0,18.78,232.71
2026-06-20 08:00:00,V101,33.35417837945259,-112.14364714423868,37.83,21.9,686.1,1.79,2.4,6,31.61,-5.87,-0.01,0,18.39,335.57
2026-06-20 09:00:00,V103,33.316157462099405,-111.9840625639936,40.15,43.3,856.3,4.62,5.65,6,39.93,0.87,-3.75,0,21.22,435.0
2026-06-20 10:00:00,V101,33.39601794975629,-111.93991995949445,43.31,16.3,792.9,5.55,3.75,7,34.61,-2.57,1.17,1,23.67,570.43
2026-06-20 11:00:00,V103,33.52595620077402,-112.0638159455675,44.73,28.4,305.8,1.09,3.3,11,40.05,3.62,0.34,1,30.94,631.29
2026-06-20 12:00:00,V102,33.380799389490605,-111.95357040250722,43.2,17.1,609.2,1.78,2.93,7,34.8,-0.55,-1.1,1,23.2,565.71
2026-06-20 13:00:00,V103,33.461866866148654,-112.03360279558947,42.73,36.9,279.2,4.63,4.45,8,40.52,-1.37,4.17,1,25.53,545.57
2026-06-20 14:00:00,V101,33.51838415301922,-112.00887274887572,41.98,33.3,234.0,2.01,3.99,7,38.55,-3.59,3.3,1,23.11,513.43
2026-06-20 15:00:00,V101,33.332383114393934,-112.04211646189854,37.03,36.2,692.3,3.94,4.56,9,34.34,-5.85,3.5,0,23.83,301.29
2026-06-20 16:00:00,V103,33.505589404834765,-112.0610481849746,35.73,26.2,601.4,0.95,4.59,3,30.76,3.77,0.31,0,12.66,245.57
2026-06-20 17:00:00,V103,33.32756126631301,-112.12960396746723,37.16,26.1,261.5,2.99,4.91,4,31.59,-5.83,-1.14,0,15.54,306.86
2026-06-20 18:00:00,V101,33.5895389226381,-112.1090417821617,34.47,16.4,226.2,4.57,8.16,14,26.99,5.72,-1.87,0,27.98,191.57
2026-06-20 19:00:00,V102,33.44651823901948,-112.11300896431692,31.63,25.5,942.3,4.28,4.06,12,27.25,-1.09,-3.41,0,23.33,69.86
2026-06-20 20:00:00,V102,33.345202832312964,-112.03101332071384,32.86,42.9,222.5,4.98,2.9,12,30.93,-3.97,-5.66,0,23.84,122.57
2026-06-20 21:00:00,V103,33.40271509081006,-112.16401389209284,32.47,26.4,533.4,5.33,0.97,4,27.67,6.91,-2.98,0,11.35,105.86
2026-06-20 22:00:00,V102,33.42402493478858,-111.9249624927893,36.62,39.9,578.5,4.75,2.21,9,34.64,-8.21,2.46,0,22.63,283.71
2026-06-20 23:00:00,V101,33.52745550332296,-111.98380345641507,33.68,40.3,288.0,4.19,5.85,9,31.36,-7.7,1.68,0,22.37,157.71
2026-06-21 00:00:00,V103,33.523027135822986,-112.07956631072604,31.81,26.2,326.8,0.67,5.08,9,27.1,3.69,3.11,0,20.94,77.57
2026-06-21 01:00:00,V101,33.4835821516012,-112.1524127566421,30.57,34.0,463.9,3.44,1.98,5,27.4,4.96,0.76,0,13.23,24.43
2026-06-21 02:00:00,V101,33.33177921376755,-111.93540234908352,29.59,17.9,771.3,0.71,7.7,12,24.36,1.09,0.02,0,23.0,0.0
2026-06-21 03:00:00,V102,33.3454708114763,-111.95286657296964,32.31,18.1,580.3,4.94,4.49,11,26.02,2.0,1.05,0,23.05,99.0
2026-06-21 04:00:00,V103,33.32812707619367,-111.98348353418486,30.87,16.5,678.4,2.26,4.69,3,24.89,-7.26,2.61,0,11.48,37.29
2026-06-21 05:00:00,V103,33.47315183498626,-112.11853588577664,29.87,32.4,938.9,3.59,7.37,1,26.98,-0.28,0.73,0,9.51,0.0
2026-06-21 06:00:00,V102,33.56314153245342,-112.0792660087699,31.03,27.8,776.0,2.04,6.61,9,27.11,3.61,-1.67,0,21.1,44.14
2026-06-21 07:00:00,V101,33.43014015367643,-112.16917552426428,33.48,31.4,525.8,4.8,5.17,9,29.56,-2.86,3.26,0,21.97,149.14
2026-06-21 08:00:00,V101,33.34825445218732,-112.14328814258174,40.53,30.6,534.8,5.38,5.24,6,36.27,-7.48,4.18,0,21.16,451.29
2026-06-21 09:00:00,V101,33.46741269754469,-111.96509500880498,41.81,25.5,664.1,2.69,5.38,12,36.28,4.2,3.83,1,30.84,506.14
2026-06-21 10:00:00,V101,33.54352566505971,-111.9854883843448,42.38,35.3,699.0,5.25,3.64,10,39.96,0.96,-2.2,1,28.13,530.57
2026-06-21 11:00:00,V103,33.52251361845388,-112.02195427110722,45.81,37.8,575.5,1.97,4.43,8,45.16,26.23,10.98,1,27.22,677.57
2026-06-21 12:00:00,V103,33.56443523390251,-111.93128198222216,44.12,15.4,683.6,3.44,4.86,8,34.99,-2.27,2.03,1,26.48,605.14
2026-06-21 13:00:00,V102,33.38337062917466,-112.02502004465607,42.3,21.2,217.6,5.22,3.81,7,34.79,-4.65,2.98,1,23.19,527.14
2026-06-21 14:00:00,V102,33.35818616018033,-112.05990960001093,44.68,36.4,522.2,2.29,2.55,10,43.11,9.49,-0.77,1,29.18,629.14
2026-06-21 15:00:00,V103,33.56394494578258,-112.09788877610828,41.29,26.6,409.2,5.75,3.6,11,35.7,10.07,3.86,0,28.74,483.86
2026-06-21 16:00:00,V103,33.497268093833405,-111.91786544827916,36.44,34.9,296.9,1.17,2.52,7,33.16,-2.73,-1.17,0,19.6,276.0
2026-06-21 17:00:00,V101,33.393278679002265,-112.1751853615427,34.82,25.4,274.7,0.6,4.1,8,29.46,5.86,2.47,0,21.02,206.57
2026-06-21 18:00:00,V101,33.52270441517175,-111.92073378838175,30.69,26.7,652.4,5.47,1.33,13,26.34,-2.48,-2.54,0,22.69,29.57
2026-06-21 19:00:00,V102,33.54453551534411,-111.9519856020207,29.93,19.8,592.7,0.88,4.51,9,24.74,-4.61,5.42,0,19.59,0.0
2026-06-21 20:00:00,V103,33.484493472102336,-112.16102102263928,33.39,22.7,390.2,5.96,1.55,2,27.53,-0.41,1.96,0,7.32,145.29
2026-06-21 21:00:00,V102,33.50636523296397,-112.03050469269743,34.86,33.2,553.2,5.73,3.39,6,31.22,1.16,-3.53,0,17.59,208.29
2026-06-21 22:00:00,V103,33.4125779713328,-111.94003560547527,29.9,28.0,569.2,1.25,4.76,3,26.03,-5.7,-3.56,0,11.28,0.0
2026-06-21 23:00:00,V101,33.46160870020291,-112.02845725091784,32.84,38.2,346.3,3.46,5.19,5,30.19,-11.6,0.46,0,16.07,121.71
2026-06-22 00:00:00,V102,33.45724775121785,-111.92784005353182,31.02,40.6,689.1,1.52,5.01,12,29.29,4.01,4.17,0,23.19,43.71
2026-06-22 01:00:00,V102,33.55441433733923,-111.9171048549552,31.27,31.2,785.7,2.85,4.48,7,27.89,-0.99,5.22,0,17.97,54.43
2026-06-22 02:00:00,V103,33.551989194084655,-112.0732846433447,31.11,37.7,793.6,0.84,2.32,8,29.01,-2.21,0.69,0,18.17,47.57
2026-06-22 03:00:00,V101,33.54980414080411,-112.0868059015781,30.7,24.2,651.9,1.73,5.47,5,26.1,4.02,1.55,0,15.4,30.0
2026-06-22 04:00:00,V102,33.303309484278735,-111.91910365380926,32.07,27.4,583.7,2.5,2.36,9,27.7,3.26,0.51,0,19.99,88.71
2026-06-22 05:00:00,V101,33.524863645340666,-111.9974579816551,30.75,36.4,245.8,2.91,5.64,8,27.79,-3.13,1.29,0,19.47,32.14
2026-06-22 06:00:00,V102,33.5276029170333,-112.16519319559556,32.41,26.6,415.9,5.88,4.94,11,27.51,-0.84,1.65,0,23.27,103.29
2026-06-22 07:00:00,V101,33.50351364685654,-112.1873124752332,35.03,32.7,270.0,4.94,6.04,5,31.04,-0.87,-1.6,0,17.45,215.57
2026-06-22 08:00:00,V103,33.52687939736744,-112.03061128470084,37.64,20.6,922.9,4.56,4.04,7,31.22,4.98,-1.41,0,20.95,327.43
2026-06-22 09:00:00,V102,33.55259111144901,-111.92094871036848,39.12,33.0,301.3,3.45,2.77,7,35.34,2.04,4.29,0,21.07,390.86
2026-06-22 10:00:00,V102,33.441095716230535,-111.94672538927826,41.53,40.8,313.8,5.12,2.06,3,40.32,-10.11,-6.01,1,12.29,494.14
2026-06-22 11:00:00,V101,33.45061506404653,-111.9972456760607,44.72,41.1,867.2,2.37,2.23,10,45.23,3.8,-0.24,1,29.09,630.86
2026-06-22 12:00:00,V101,33.337414217073416,-112.15826524533269,44.75,36.7,907.9,4.4,1.54,7,43.59,-1.7,2.95,1,23.29,632.14
2026-06-22 13:00:00,V102,33.41561276491421,-112.1237305848754,42.12,37.4,774.4,5.97,5.41,5,40.37,10.01,0.27,1,19.85,519.43
2026-06-22 14:00:00,V103,33.493009553973536,-111.93734663203422,42.54,31.7,204.1,2.23,5.6,7,38.62,1.21,-4.85,1,24.2,537.43
2026-06-22 15:00:00,V101,33.534119932844185,-112.14515782900294,41.61,32.5,201.0,4.21,4.83,5,37.74,-6.68,-1.95,1,19.3,497.57
2026-06-22 16:00:00,V101,33.365162729307364,-112.11646817752488,35.5,19.0,483.6,5.14,3.95,7,28.59,4.81,-0.29,0,19.83,235.71
2026-06-22 17:00:00,V101,33.34134686974777,-112.16111980464136,35.92,28.3,307.5,5.54,7.09,11,30.89,1.49,-1.7,0,26.32,253.71
2026-06-22 18:00:00,V102,33.49891260135015,-111.99716753057568,31.01,28.5,213.8,4.45,3.85,4,26.53,1.27,3.4,0,12.8,43.29
2026-06-22 19:00:00,V102,33.30056396505747,-111.91680530839103,32.86,43.8,548.1,2.06,4.33,10,31.58,-1.02,-3.46,0,22.36,122.57
2026-06-22 20:00:00,V102,33.3535117752922,-112.11930959052138,30.86,27.9,907.3,2.29,3.93,9,27.1,7.72,-3.18,0,19.91,36.86
2026-06-22 21:00:00,V102,33.30872141410318,-112.05737801764498,29.29,31.5,442.9,0.61,3.49,10,25.99,7.04,-0.63,0,19.8,0.0
2026-06-22 22:00:00,V103,33.35006553535646,-112.00969807808664,29.56,31.0,695.9,4.68,4.95,10,26.19,0.36,-0.64,0,20.51,0.0
2026-06-22 23:00:00,V103,33.35439578397765,-111.90016012553532,32.07,34.1,689.2,0.74,3.05,7,29.15,-0.3,-1.74,0,17.66,88.71
2026-06-23 00:00:00,V102,33.41630207842512,-112.16855758050072,32.39,37.4,388.3,5.26,2.95,5,29.55,7.63,0.11,0,14.53,102.43
2026-06-23 01:00:00,V103,33.420698137405964,-112.0504287601483,30.64,21.8,687.8,1.15,5.02,7,25.7,-1.14,-2.52,0,17.92,27.43
2026-06-23 02:00:00,V101,33.56227874118307,-112.08446396402924,32.96,30.9,359.3,1.45,3.25,5,28.99,-3.28,-1.12,0,14.94,126.86
2026-06-23 03:00:00,V101,33.453032913749645,-111.9402539504333,29.51,39.8,291.5,3.12,4.2,3,27.24,1.98,-1.9,0,10.76,0.0
2026-06-23 04:00:00,V101,33.51702142968369,-112.0572096806965,31.9,28.9,726.0,4.56,3.49,3,27.88,-2.82,1.59,0,10.85,81.43
2026-06-23 05:00:00,V102,33.33124120737608,-112.16670674262446,30.18,23.4,285.1,1.26,3.98,9,25.2,-5.21,0.06,0,19.53,7.71
2026-06-23 06:00:00,V101,33.36763162663911,-112.00967275641403,31.02,34.6,947.7,2.92,2.99,10,28.42,1.78,0.87,0,20.71,43.71
2026-06-23 07:00:00,V103,33.510883032293606,-111.96876581452084,35.18,39.7,337.6,3.16,3.04,8,32.89,0.86,1.22,0,20.74,222.0
2026-06-23 08:00:00,V102,33.31584118814055,-112.19913562450031,36.71,16.9,645.6,1.67,2.77,6,29.4,2.89,1.61,0,18.08,287.57
2026-06-23 09:00:00,V103,33.44597929867312,-111.94231299437382,39.91,38.3,508.5,1.14,5.26,5,38.02,5.85,-2.56,0,18.89,424.71
2026-06-23 10:00:00,V101,33.47981068969888,-112.1441930999983,43.9,39.6,294.8,5.1,4.26,7,42.9,-3.11,1.43,1,24.22,595.71
2026-06-23 11:00:00,V101,33.48064369321575,-112.034379190604,42.73,28.8,220.9,3.26,5.38,7,37.83,-2.07,1.09,1,24.18,545.57
2026-06-23 12:00:00,V101,33.30687984338041,-112.07526074979376,45.25,44.5,667.0,0.58,5.54,8,47.14,14.99,6.94,1,27.41,653.57
2026-06-23 13:00:00,V102,33.396632401268754,-111.98410385501684,41.9,38.6,805.1,4.92,3.31,9,40.58,5.87,3.12,1,26.21,510.0
2026-06-23 14:00:00,V103,33.490947195314746,-112.08865151556428,43.19,38.2,831.5,5.89,5.32,11,42.01,-1.65,4.68,1,30.58,565.29
2026-06-23 15:00:00,V102,33.34469992084477,-111.9390710469955,42.65,37.4,562.0,3.83,3.98,6,40.91,5.92,-0.94,1,21.43,542.14
2026-06-23 16:00:00,V102,33.508624694498415,-111.98085109171237,34.29,19.5,783.1,3.27,3.76,8,28.13,-7.11,0.21,0,20.57,183.86
2026-06-23 17:00:00,V101,33.5237775626441,-112.00568604868111,33.91,21.5,704.6,5.33,5.88,9,28.06,4.56,-4.37,0,22.51,167.57
2026-06-23 18:00:00,V102,33.594590757133844,-111.96112782133116,32.87,28.9,743.2,5.74,4.83,7,28.68,2.63,-1.54,0,18.95,123.0
2026-06-23 19:00:00,V102,33.36295259845692,-111.9737930895215,31.7,22.9,569.4,4.65,3.47,6,26.44,-3.92,-0.02,0,16.21,72.86
2026-06-23 20:00:00,V101,33.54753920029984,-112.18921839752352,32.56,27.5,675.1,2.95,4.73,8,28.21,4.97,-0.36,0,20.06,109.71
2026-06-23 21:00:00,V102,33.456088973075595,-112.08157969384656,31.09,41.7,804.1,3.76,2.1,9,29.56,5.46,1.68,0,19.3,46.71
2026-06-23 22:00:00,V101,33.412038778843254,-111.92075781080506,32.13,39.7,498.4,4.36,4.37,8,29.88,2.72,0.67,0,19.66,91.29
2026-06-23 23:00:00,V101,33.336713027197554,-112.16228271930234,31.77,33.9,804.5,1.57,1.75,13,28.91,7.51,0.42,0,23.59,75.86
2026-06-24 00:00:00,V101,33.52065168194626,-111.9788710348704,33.75,40.7,644.0,2.96,2.52,9,31.93,-2.09,1.65,0,21.05,160.71
2026-06-24 01:00:00,V101,33.3707572797431,-111.9076224565994,32.38,38.5,324.4,5.06,4.88,9,29.69,2.06,4.35,0,21.2,102.0
2026-06-24 02:00:00,V102,33.41142660056191,-112.18434041128651,32.51,27.9,218.5,4.1,-0.01,11,27.73,-6.99,0.52,0,21.69,107.57
2026-06-24 03:00:00,V101,33.318762668069205,-111.99534183581204,31.38,21.0,472.1,2.76,6.7,7,25.84,5.28,-0.53,0,19.12,59.14
2026-06-24 04:00:00,V101,33.54041007474586,-112.05955375760968,31.27,30.4,610.0,4.15,5.25,7,27.5,-1.02,-2.53,0,18.35,54.43
2026-06-24 05:00:00,V102,33.529976557191496,-112.0262474233876,31.35,37.1,829.9,1.15,1.24,6,29.15,-4.16,-1.26,0,14.83,57.86
2026-06-24 06:00:00,V102,33.520084749012696,-112.1743975990547,32.59,28.1,295.6,2.71,7.6,6,27.99,-5.09,-5.72,0,18.88,111.0
2026-06-24 07:00:00,V103,33.38983305314756,-112.18709791443992,34.47,35.0,800.2,4.86,8.01,12,31.52,-7.06,1.8,0,26.5,191.57
2026-06-24 08:00:00,V102,33.352044022279784,-111.99994000183472,38.43,17.8,847.3,1.71,3.73,8,31.22,0.11,5.32,0,22.84,361.29
2026-06-24 09:00:00,V102,33.491265979341065,-111.95300717105378,43.6,37.4,313.0,1.52,2.61,8,41.94,-2.17,-0.39,1,25.18,582.86
2026-06-24 10:00:00,V103,33.448849915233964,-111.96539539952012,43.7,39.4,838.7,5.73,6.53,3,43.08,6.44,-1.8,1,16.16,587.14
2026-06-24 11:00:00,V102,33.35347574007139,-112.03685828164014,43.1,36.2,943.6,1.65,3.48,11,41.54,-4.15,-4.36,1,29.91,561.43
2026-06-24 12:00:00,V102,33.50577338131496,-112.17003995365916,45.8,44.0,745.1,1.94,4.24,9,47.74,27.22,11.56,1,28.9,677.14
2026-06-24 13:00:00,V102,33.59733792954639,-111.9935866668492,42.98,39.8,788.6,5.83,5.83,12,42.25,-11.91,1.1,1,31.79,556.29
2026-06-24 14:00:00,V102,33.52416587632261,-112.12743333493376,39.34,42.1,945.8,4.54,3.77,8,38.7,-5.89,-2.75,0,23.36,400.29
2026-06-24 15:00:00,V103,33.521995916005686,-111.9266793891698,38.97,43.0,654.1,4.35,3.64,5,38.22,-3.81,-0.5,0,17.54,384.43
2026-06-24 16:00:00,V102,33.58509382587918,-111.94852039213627,35.19,39.0,430.9,5.19,2.09,6,32.74,-5.81,2.18,0,17.02,222.43
2026-06-24 17:00:00,V102,33.36088091027247,-111.9871851098738,34.58,35.2,828.1,1.14,3.05,5,31.89,-2.98,-0.3,0,15.46,196.29
2026-06-24 18:00:00,V103,33.469664989476435,-111.91534621325069,32.03,15.2,660.9,4.38,3.61,7,25.38,1.37,-4.97,0,17.92,87.0
2026-06-24 19:00:00,V101,33.59389401451017,-112.19057345354662,34.51,29.0,635.9,3.27,2.14,10,30.19,1.53,2.6,0,22.6,193.29
2026-06-24 20:00:00,V103,33.34958823329105,-111.97913987248178,32.49,32.1,390.2,5.06,2.28,6,28.64,-1.81,-0.53,0,15.91,106.71
2026-06-24 21:00:00,V101,33.51007558783336,-112.10092716619909,31.67,24.1,767.3,3.29,4.05,6,26.9,-2.37,-5.16,0,16.51,71.57
2026-06-24 22:00:00,V103,33.47574304379157,-111.92818023429408,33.24,24.5,261.3,3.91,1.23,8,27.74,0.36,0.5,0,18.86,138.86
2026-06-24 23:00:00,V103,33.47594372765661,-112.11999744100142,28.68,43.8,893.2,3.13,2.68,7,27.68,12.31,-3.55,0,15.77,0.0
2026-06-25 00:00:00,V102,33.509301188256025,-111.98254305020548,32.35,41.8,444.4,3.13,6.92,9,30.51,6.49,-2.1,0,22.01,100.71
2026-06-25 01:00:00,V101,33.578885076862704,-111.93670589410478,33.16,40.5,295.8,4.72,3.48,3,30.85,5.04,0.23,0,11.17,135.43
2026-06-25 02:00:00,V102,33.5347745819554,-112.1875029544852,29.78,27.2,531.8,3.96,3.29,7,25.62,2.5,-1.18,0,16.63,0.0
2026-06-25 03:00:00,V101,33.31684083102486,-112.0807057261224,33.72,15.4,231.9,3.98,3.48,11,26.25,-3.42,-2.46,0,23.65,159.43
2026-06-25 04:00:00,V103,33.55581840596271,-111.97130729039344,32.51,17.4,713.5,2.98,3.5,13,26.27,9.46,4.4,0,24.6,107.57
2026-06-25 05:00:00,V103,33.36766239897772,-112.06352433314773,31.38,24.4,877.0,3.42,4.86,6,26.83,-2.35,2.96,0,16.83,59.14
2026-06-25 06:00:00,V101,33.41307424942091,-112.11982421106192,32.95,15.5,827.9,4.6,4.76,4,26.27,0.93,0.28,0,14.05,126.43
2026-06-25 07:00:00,V102,33.438519844083714,-112.13405839535304,38.51,15.5,295.5,5.04,3.41,9,29.95,0.62,-4.97,0,24.24,364.71
2026-06-25 08:00:00,V102,33.44427180022592,-112.1605445199251,38.27,42.5,294.7,4.33,3.68,5,36.9,-3.85,7.51,0,17.29,354.43
2026-06-25 09:00:00,V102,33.43055411977661,-111.94286113204312,40.86,36.2,810.1,5.58,5.97,7,38.58,1.57,2.71,0,23.53,465.43
2026-06-25 10:00:00,V102,33.58120598826476,-112.02739337902452,41.7,24.3,893.2,5.01,1.73,7,35.9,-3.04,-0.09,1,21.85,501.43
2026-06-25 11:00:00,V103,33.511805702299206,-112.17708451650256,42.32,19.0,545.5,3.59,3.91,11,34.5,-3.3,3.81,1,29.53,528.0
2026-06-25 12:00:00,V103,33.48935119378701,-112.0852259029288,45.25,30.3,574.2,4.19,4.2,8,41.47,9.02,5.94,1,26.81,653.57
2026-06-25 13:00:00,V103,33.31495260833488,-112.08967990475848,42.31,15.2,438.7,5.59,2.83,6,33.05,-5.32,5.02,1,20.64,527.57
2026-06-25 14:00:00,V103,33.57117399907811,-112.14547824278716,42.5,43.2,870.7,3.91,3.83,7,42.94,-0.71,-2.94,1,23.3,535.71
2026-06-25 15:00:00,V103,33.57281705760252,-112.06934771235836,39.77,27.4,683.7,5.04,2.63,5,34.73,-11.76,-6.88,0,17.24,418.71
2026-06-25 16:00:00,V102,33.53406391902903,-112.10037019038208,38.72,27.1,416.2,4.29,4.96,5,33.4,-6.21,-2.48,0,18.24,373.71
2026-06-25 17:00:00,V102,33.30210876114408,-112.09745888835236,35.61,26.7,424.1,3.54,1.99,7,30.46,0.19,-1.93,0,18.91,240.43
2026-06-25 18:00:00,V102,33.31718407532328,-111.97829203266362,33.56,17.1,868.4,1.83,5.59,6,27.22,2.56,1.17,0,18.21,152.57
2026-06-25 19:00:00,V102,33.36756711068055,-112.13302098434843,31.23,34.1,210.2,2.84,3.89,10,27.79,-0.15,4.22,0,21.17,52.71
2026-06-25 20:00:00,V103,33.33940482244347,-112.0074420123434,31.6,37.0,442.0,5.82,3.33,8,28.74,5.86,-4.46,0,18.9,68.57
2026-06-25 21:00:00,V103,33.419650808911115,-112.02880511283573,30.53,35.3,615.8,4.12,2.49,10,27.71,-4.98,3.83,0,20.21,22.71
2026-06-25 22:00:00,V103,33.57678691742634,-112.02957224629864,31.33,19.2,311.2,3.6,5.55,5,25.28,8.17,-1.84,0,15.69,57.0
2026-06-25 23:00:00,V101,33.4416181302591,-112.00109779615748,32.57,32.4,269.1,5.63,3.02,7,28.62,4.84,4.11,0,17.9,110.14
2026-06-26 00:00:00,V102,33.304020787929645,-112.03548538914131,33.14,32.1,811.5,3.73,2.25,9,29.73,7.17,-5.8,0,20.58,134.57
2026-06-26 01:00:00,V102,33.384823706873625,-111.93622346554608,30.62,41.1,870.8,3.39,5.58,5,29.08,2.93,3.71,0,15.43,26.57
2026-06-26 02:00:00,V103,33.313378472511886,-111.99732597241491,33.3,26.4,817.7,4.68,2.64,9,28.69,-4.57,-0.4,0,20.83,141.43
2026-06-26 03:00:00,V102,33.31088628678405,-112.0359110245886,34.03,26.1,874.1,4.42,3.86,7,29.33,5.3,-3.02,0,19.05,172.71
2026-06-26 04:00:00,V102,33.38271595592867,-111.95107106391372,32.62,33.6,614.8,1.56,5.23,6,29.45,9.55,-1.88,0,17.59,112.29
2026-06-26 05:00:00,V103,33.38268370160368,-112.01815603051996,34.82,34.0,809.2,3.09,4.24,12,31.75,5.41,-1.62,0,25.61,206.57
2026-06-26 06:00:00,V101,33.53613798078048,-112.11265672566444,30.84,29.1,488.0,3.1,6.6,11,26.83,-1.28,-1.46,0,22.77,36.0
2026-06-26 07:00:00,V101,33.592450395834334,-112.13787152454704,33.24,28.3,699.7,2.58,2.75,5,29.01,-0.53,-0.39,0,14.75,138.86
2026-06-26 08:00:00,V101,33.411362128167,-112.1543016643012,35.33,29.8,941.6,3.35,3.68,5,31.43,0.81,2.03,0,16.13,228.43
2026-06-26 09:00:00,V103,33.42866606365831,-111.93016343623616,42.73,40.8,369.3,2.77,3.8,5,42.0,-1.76,3.3,1,19.12,545.57
2026-06-26 10:00:00,V102,33.55343683088581,-111.98695937046058,43.37,28.8,492.4,1.6,4.93,8,38.87,2.47,3.51,1,26.1,573.0
2026-06-26 11:00:00,V103,33.380441706028655,-111.9187864685507,43.51,43.2,560.0,2.77,5.93,5,44.03,-7.77,-6.4,1,20.72,579.0
2026-06-26 12:00:00,V103,33.346914541321034,-112.01901245828552,44.42,30.1,303.5,0.9,4.11,10,40.34,2.53,-0.41,1,29.59,618.0
2026-06-26 13:00:00,V102,33.555926887021094,-112.05797973555153,41.9,43.5,260.8,3.67,3.79,12,41.66,3.43,1.12,1,30.42,510.0
2026-06-26 14:00:00,V101,33.313950175932014,-112.18208505330874,46.06,40.0,822.3,5.2,1.78,7,46.45,27.21,6.06,1,24.07,688.29
2026-06-26 15:00:00,V101,33.485909832059825,-111.9985073155362,40.68,25.9,932.6,4.49,4.17,8,35.47,0.07,-4.89,0,24.27,457.71
2026-06-26 16:00:00,V103,33.468597854240045,-112.02533737206952,38.16,40.9,503.5,2.48,3.02,11,36.65,-0.88,-1.5,0,26.46,349.71
2026-06-26 17:00:00,V101,33.403776134250506,-111.90293733192372,36.19,18.3,265.7,0.98,4.93,10,28.98,-0.21,2.11,0,24.69,265.29
2026-06-26 18:00:00,V103,33.3945568563292,-112.12825236666534,32.72,42.8,249.4,1.61,3.39,8,30.96,2.46,2.57,0,19.54,116.57
2026-06-26 19:00:00,V103,33.531557317854485,-112.04077879341396,32.34,33.9,868.5,3.5,3.64,11,29.4,-8.92,0.12,0,22.79,100.29
2026-06-26 20:00:00,V102,33.32592738322876,-112.00471279946458,30.81,16.6,547.9,1.64,1.81,9,24.76,1.36,-1.63,0,19.02,34.71
2026-06-26 21:00:00,V102,33.371035292793415,-112.0066226475773,32.71,34.3,440.0,3.49,1.28,11,29.4,5.39,-2.88,0,22.25,116.14
2026-06-26 22:00:00,V102,33.51973461955143,-112.03161193711549,34.82,44.2,557.3,1.77,6.79,10,33.79,3.33,-2.75,0,24.51,206.57
2026-06-26 23:00:00,V103,33.46449617511793,-111.96692159690184,34.02,17.1,438.7,5.17,4.19,5,26.98,7.14,-3.65,0,15.93,172.29
2026-06-27 00:00:00,V102,33.33839646256008,-112.13850563714196,34.39,31.6,566.8,2.68,4.61,13,30.6,1.77,-0.99,0,26.27,188.14
2026-06-27 01:00:00,V101,33.56464068428462,-111.98231183991768,31.23,37.4,844.7,1.85,2.63,6,29.07,-0.18,5.35,0,15.53,52.71
2026-06-27 02:00:00,V101,33.41803435396908,-112.01407962857007,30.52,39.3,644.2,4.97,5.31,9,28.37,-2.44,-1.43,0,20.27,22.29
2026-06-27 03:00:00,V103,33.54836051259665,-111.93117746646163,31.81,27.4,721.0,2.39,5.04,4,27.63,-2.34,-3.87,0,13.87,77.57
2026-06-27 04:00:00,V103,33.536313904658314,-111.94584166828992,32.08,21.1,473.5,1.11,2.8,10,26.49,-0.76,-3.0,0,21.31,89.14
2026-06-27 05:00:00,V102,33.48732763394152,-112.10545588826024,33.64,16.3,753.9,3.64,2.41,5,26.91,-3.43,-2.8,0,14.7,156.0
2026-06-27 06:00:00,V103,33.44834433938853,-112.11712880250744,29.46,32.4,700.0,3.7,2.9,9,26.38,-5.99,-2.24,0,18.66,0.0
2026-06-27 07:00:00,V103,33.593865252114526,-111.90550400284428,37.4,28.6,289.7,4.43,3.96,7,32.39,7.26,0.94,0,20.79,317.14
2026-06-27 08:00:00,V101,33.34348952171394,-112.04182044572542,37.76,43.5,629.5,1.82,4.25,11,37.02,-0.7,0.81,0,26.61,332.57
2026-06-27 09:00:00,V101,33.517546718265336,-111.92807371082569,39.84,16.8,392.6,2.94,4.06,7,31.58,-1.61,2.74,0,22.07,421.71
2026-06-27 10:00:00,V102,33.35735721043943,-112.15083569286584,40.87,35.6,803.1,2.05,5.95,6,38.58,10.1,3.95,0,21.71,465.86
2026-06-27 11:00:00,V103,33.401478931599705,-112.00715432555997,41.11,15.7,519.5,0.95,2.93,12,32.53,4.68,5.63,0,29.61,476.14
2026-06-27 12:00:00,V103,33.39260962301196,-111.95704194379184,45.23,20.1,946.0,5.32,2.37,9,37.89,7.62,6.5,1,27.8,652.71
2026-06-27 13:00:00,V101,33.58411079632162,-111.91578142512408,43.7,28.6,269.4,4.51,4.0,7,38.79,-7.73,0.62,1,23.99,587.14
2026-06-27 14:00:00,V103,33.59020685333648,-112.0987979576949,40.46,28.6,785.3,2.16,1.46,8,36.02,-4.85,1.78,0,22.94,448.29
2026-06-27 15:00:00,V101,33.354904633270415,-111.98250564902278,38.54,35.6,705.3,3.8,5.04,7,35.81,-3.32,1.32,0,21.9,366.0
2026-06-27 16:00:00,V102,33.306610548089246,-112.03835609728812,37.5,42.3,775.6,1.61,4.15,8,36.57,-3.05,0.45,0,22.51,321.43
2026-06-27 17:00:00,V101,33.51600241189893,-112.18181132218008,37.61,34.2,430.6,5.4,3.49,8,34.11,-2.73,3.43,0,22.28,326.14
2026-06-27 18:00:00,V103,33.425396980161146,-111.99300007880731,31.61,43.6,569.0,1.13,3.41,5,30.32,6.29,-4.17,0,14.51,69.0
2026-06-27 19:00:00,V102,33.32665207352627,-111.99297103252866,29.75,41.4,797.4,0.52,5.36,6,28.36,-4.68,0.86,0,16.36,0.0
2026-06-27 20:00:00,V101,33.50512623167311,-111.92081795854604,31.63,32.5,374.4,3.26,5.32,7,28.01,0.42,4.07,0,18.56,69.86
2026-06-27 21:00:00,V101,33.46353165847821,-112.05080626614932,31.59,40.0,369.5,3.71,3.63,9,29.31,2.18,-1.59,0,20.22,68.14
2026-06-27 22:00:00,V102,33.594155046600335,-112.13092472378683,27.95,34.3,613.3,3.68,4.89,4,25.28,5.76,4.95,0,12.49,0.0
2026-06-27 23:00:00,V102,33.368222848758414,-112.1866308529654,31.92,17.4,592.7,0.8,5.3,8,25.82,1.15,-4.84,0,19.96,82.29
2026-06-28 00:00:00,V101,33.42119336289797,-112.07530734399424,31.65,37.2,411.7,2.23,4.5,5,28.98,-5.4,-1.81,0,15.18,70.71
2026-06-28 01:00:00,V103,33.46276374101863,-112.10942498997676,33.04,17.8,423.6,3.25,3.69,11,26.45,0.52,-1.07,0,23.27,130.29
2026-06-28 02:00:00,V101,33.53750999653601,-111.97167350819284,34.77,32.8,408.4,1.69,4.57,8,31.11,0.76,-2.16,0,21.2,204.43
2026-06-28 03:00:00,V102,33.464651597016015,-112.09371967054769,33.69,36.1,778.6,5.3,2.44,6,30.95,4.37,0.58,0,16.54,158.14
2026-06-28 04:00:00,V101,33.48387004825859,-111.91527864110556,31.6,17.0,688.9,0.98,4.11,10,25.59,1.74,0.84,0,21.49,68.57
2026-06-28 05:00:00,V102,33.36784411547698,-111.91130693910368,30.34,21.9,824.3,3.18,3.65,10,25.52,-8.24,3.9,0,20.52,14.57
2026-06-28 06:00:00,V102,33.554075618426566,-112.01372742293468,35.86,42.5,931.6,4.3,3.42,4,34.8,-3.21,1.21,0,14.11,251.14
2026-06-28 07:00:00,V103,33.42858916409114,-111.92140191389554,35.19,33.5,555.6,1.94,1.41,13,31.8,1.92,-5.83,0,25.98,222.43
2026-06-28 08:00:00,V102,33.34228788825653,-111.97174369664566,38.02,22.4,250.0,3.93,2.46,11,31.37,-7.59,1.83,0,26.18,343.71
2026-06-28 09:00:00,V102,33.499256374351624,-112.03594210770748,40.45,35.7,236.1,5.06,3.27,12,37.41,-2.88,3.44,0,29.25,447.86
2026-06-28 10:00:00,V103,33.36482713595559,-112.14590761937318,42.69,32.9,421.7,1.55,5.34,7,39.43,-4.4,-1.96,1,24.14,543.86
2026-06-28 11:00:00,V102,33.32926875307179,-112.06242061694586,43.37,30.0,899.4,5.54,4.43,12,39.49,-8.63,1.26,1,31.64,573.0
2026-06-28 12:00:00,V103,33.55859607252128,-112.03173766099124,43.14,44.3,592.4,3.54,5.41,9,43.9,7.66,0.22,1,27.8,563.14
2026-06-28 13:00:00,V103,33.43804867934653,-111.94081152577952,42.77,35.5,403.8,2.15,5.86,18,40.35,-4.91,2.16,1,36.67,547.29
2026-06-28 14:00:00,V102,33.52478511380873,-112.0555999870393,42.34,26.3,499.4,2.87,4.49,5,36.89,-3.41,0.32,1,19.38,528.86
2026-06-28 15:00:00,V102,33.3871762679419,-111.93069759819662,39.67,39.0,648.9,2.22,4.21,5,38.03,-2.24,-6.64,0,18.16,414.43
2026-06-28 16:00:00,V101,33.5360910404753,-111.99769530629295,36.93,41.5,689.7,4.49,2.54,10,35.5,1.34,1.55,0,24.28,297.0
2026-06-28 17:00:00,V103,33.33358077810646,-112.1589002810839,35.27,18.8,315.4,4.88,6.98,10,28.21,1.52,0.86,0,24.86,225.86
2026-06-28 18:00:00,V101,33.40679201213845,-111.90150558920249,31.62,21.0,932.8,5.08,1.87,10,26.37,4.59,-3.51,0,20.68,69.43
2026-06-28 19:00:00,V102,33.59341854539206,-112.04183020177383,34.26,21.5,608.6,5.92,4.18,6,28.22,9.43,-2.38,0,17.75,182.57
2026-06-28 20:00:00,V101,33.5381969149104,-112.08244251107728,28.02,35.7,301.8,4.85,5.25,9,25.18,2.42,3.66,0,18.76,0.0
2026-06-28 21:00:00,V103,33.44917677909441,-112.00226587065914,33.64,33.1,870.2,3.81,5.27,11,30.45,-2.72,3.04,0,24.2,156.0
2026-06-28 22:00:00,V101,33.40193324146856,-112.16733200580568,33.87,33.6,256.0,2.37,2.27,4,30.23,-2.32,3.88,0,12.69,165.86
2026-06-28 23:00:00,V103,33.56164071000674,-112.009038405974,28.89,43.2,880.8,3.5,3.37,3,27.76,-6.6,-0.23,0,9.98,0.0
2026-06-29 00:00:00,V102,33.46345432772535,-112.05052919985022,31.49,38.3,947.4,0.73,2.8,6,29.63,5.02,1.79,0,15.74,63.86
2026-06-29 01:00:00,V102,33.52752750536073,-112.07799777900044,31.44,18.8,725.3,4.6,1.03,9,25.65,3.02,-1.35,0,19.08,61.71
2026-06-29 02:00:00,V103,33.52623230409485,-111.91409399364632,29.89,25.4,777.8,2.95,4.2,10,25.71,-0.79,2.62,0,20.44,0.0
2026-06-29 03:00:00,V102,33.30538370357054,-112.0432380849804,30.83,28.1,453.0,0.61,2.92,7,26.74,-5.23,1.81,0,16.97,35.57
2026-06-29 04:00:00,V102,33.337876134837785,-112.13426475615904,30.33,26.9,906.2,0.84,6.26,5,26.56,-1.46,0.2,0,15.73,14.14
2026-06-29 05:00:00,V102,33.49788880991842,-112.06231095618682,34.63,35.1,597.3,2.63,4.92,9,31.61,-1.06,3.79,0,22.55,198.43
2026-06-29 06:00:00,V102,33.34848594338576,-111.9241837786282,33.4,41.8,749.3,3.71,4.06,9,31.86,0.55,2.07,0,21.47,145.71
2026-06-29 07:00:00,V103,33.37664800339668,-112.14717135860084,37.01,24.2,893.1,3.05,3.29,11,31.61,-6.25,2.16,0,25.79,300.43
2026-06-29 08:00:00,V101,33.58399138625988,-112.13581288839352,39.08,31.6,931.4,3.91,4.17,7,35.52,12.75,-3.65,0,21.74,389.14
2026-06-29 09:00:00,V101,33.46805467751247,-112.19609112967288,38.79,38.7,824.9,3.14,3.62,8,37.07,0.29,-3.24,0,22.99,376.71
2026-06-29 10:00:00,V102,33.525218852099805,-112.19574298518128,41.61,27.5,427.3,4.14,4.1,12,36.4,7.16,1.25,1,30.31,497.57
2026-06-29 11:00:00,V101,33.46739422163479,-111.95118251191244,44.33,20.0,924.9,1.71,6.85,4,37.16,5.86,2.59,1,19.21,614.14
2026-06-29 12:00:00,V101,33.46575408443482,-111.98036321794712,42.17,29.2,671.1,1.12,2.4,4,37.92,4.71,1.38,1,15.51,521.57
2026-06-29 13:00:00,V102,33.328245573037705,-112.0934876830644,44.66,16.7,898.0,3.78,3.75,10,36.12,7.96,5.36,1,29.61,628.29
2026-06-29 14:00:00,V102,33.40309895778273,-111.99050665283173,42.03,43.3,707.1,3.17,5.06,7,42.24,2.94,-1.81,1,23.67,515.57
2026-06-29 15:00:00,V101,33.384729269605955,-112.081438222107,39.92,17.2,430.4,0.65,3.4,9,31.92,-4.46,2.53,0,25.07,425.14
2026-06-29 16:00:00,V103,33.41721850968408,-111.91413096120066,39.07,28.2,477.5,2.59,6.37,5,34.19,-4.21,0.71,0,19.24,388.71
2026-06-29 17:00:00,V102,33.5395032564673,-111.9098841955722,35.77,30.9,612.9,1.08,5.02,13,31.88,-2.53,-1.28,0,27.39,247.29
2026-06-29 18:00:00,V103,33.41157980037506,-112.0821618672572,31.46,44.6,792.5,3.42,2.92,10,30.45,2.88,-0.95,0,20.96,62.57
2026-06-29 19:00:00,V101,33.43550904576951,-111.94373342809774,33.74,20.0,438.5,2.68,4.31,9,27.48,5.22,2.5,0,21.77,160.29
2026-06-29 20:00:00,V102,33.4192144171456,-111.96807328749075,30.38,18.4,634.8,3.87,2.94,8,24.73,5.06,5.59,0,18.05,16.29
2026-06-29 21:00:00,V103,33.32802239159258,-112.10700001884848,32.92,15.3,459.2,4.93,2.81,10,25.82,7.24,-7.26,0,21.84,125.14
2026-06-29 22:00:00,V102,33.432321647475234,-112.13038805132967,32.89,19.7,811.8,2.15,3.79,9,27.15,1.8,-3.18,0,21.06,123.86
2026-06-29 23:00:00,V101,33.35868278191335,-112.06252960488216,31.54,21.2,550.0,5.79,5.9,5,25.93,-1.19,1.89,0,15.99,66.0
2026-06-30 00:00:00,V103,33.35601698873191,-111.96559534781568,32.49,33.9,257.5,3.45,5.12,13,28.94,-10.52,-5.67,0,25.03,106.71
2026-06-30 01:00:00,V101,33.328210831330274,-111.9119496645814,30.12,21.6,324.5,3.9,3.97,5,24.76,1.55,-1.49,0,14.26,5.14
2026-06-30 02:00:00,V101,33.407001292242526,-111.97092627934003,33.39,15.6,245.8,4.24,5.17,21,26.05,9.04,-3.53,0,29.93,145.29
2026-06-30 03:00:00,V102,33.527244565436824,-111.94343790449447,31.72,39.8,574.5,4.17,4.4,3,29.59,-3.94,-3.13,0,11.48,73.71
2026-06-30 04:00:00,V103,33.38293250717502,-112.01908070814883,31.22,26.0,279.8,3.31,2.25,5,26.39,-1.59,1.38,0,13.65,52.29
2026-06-30 05:00:00,V101,33.39370473056565,-111.94937765074737,33.57,25.6,285.6,2.86,3.78,7,28.32,7.46,-1.9,0,18.78,153.0
2026-06-30 06:00:00,V101,33.49280239730173,-111.96467374259898,30.94,24.1,905.8,0.8,3.89,6,26.57,-1.66,3.29,0,16.09,40.29
2026-06-30 07:00:00,V103,33.358752243776074,-112.08690433742213,32.99,44.3,854.5,0.62,5.14,6,32.19,-8.89,-0.46,0,17.71,128.14
2026-06-30 08:00:00,V101,33.56908737912706,-112.0344029093638,35.67,20.1,539.1,2.47,3.15,5,29.17,1.09,-3.61,0,15.95,243.0
2026-06-30 09:00:00,V101,33.45605715697547,-111.95857406340308,41.39,41.9,939.4,2.34,2.63,5,41.25,4.23,-3.39,0,17.88,488.14
2026-06-30 10:00:00,V103,33.43428088209606,-112.186182979743,40.47,38.3,200.1,2.63,3.93,7,38.29,-0.31,0.52,0,22.32,448.71
2026-06-30 11:00:00,V103,33.46734605757876,-111.95757621529326,46.22,17.3,660.5,1.26,3.03,7,37.65,23.34,7.99,1,24.77,695.14
2026-06-30 12:00:00,V103,33.349810294024856,-112.1466335627853,40.88,44.6,662.3,4.56,3.51,14,41.04,3.34,-0.99,0,31.66,466.29
2026-06-30 13:00:00,V103,33.484041941591755,-112.04559491486356,46.14,23.1,543.1,5.21,3.88,11,39.57,34.67,5.62,1,32.07,691.71
2026-06-30 14:00:00,V102,33.4089302209902,-111.95751736813322,42.71,18.0,497.7,5.66,3.43,7,34.37,-1.81,0.91,1,23.2,544.71
2026-06-30 15:00:00,V103,33.56915590228939,-112.123853676553,40.34,39.9,541.5,3.21,5.44,7,38.92,3.03,3.41,0,23.01,443.14
2026-06-30 16:00:00,V102,33.350656262003305,-112.12625776820816,37.18,36.2,511.2,4.35,6.12,6,34.29,-0.15,-3.88,0,20.13,307.71
2026-06-30 17:00:00,V102,33.45211533115963,-112.07917068046132,35.7,33.5,747.9,5.21,5.29,6,32.33,-0.96,-0.17,0,19.01,244.29
2026-06-30 18:00:00,V102,33.4794337888107,-111.93160716072671,31.94,19.7,301.5,2.8,1.34,8,25.87,1.58,-3.32,0,18.19,83.14
2026-06-30 19:00:00,V101,33.31001508053591,-112.19986716556885,33.65,29.4,348.2,2.2,3.04,6,29.26,-5.86,-0.03,0,16.85,156.43
2026-06-30 20:00:00,V102,33.40910793742684,-111.92958507100742,32.17,38.4,335.4,5.65,3.73,10,29.45,2.53,0.12,0,21.71,93.0
2026-06-30 21:00:00,V102,33.51979057041025,-112.15385789260752,32.23,24.1,396.9,3.34,1.23,6,26.99,-3.68,-4.58,0,15.22,95.57
2026-06-30 22:00:00,V101,33.54611325223469,-111.90297408717976,31.45,24.4,593.9,3.23,2.69,13,26.61,-8.28,6.1,0,23.61,62.14
2026-06-30 23:00:00,V101,33.393948598445185,-111.91354590208846,31.91,15.1,283.4,1.48,3.71,5,25.04,1.44,2.66,0,14.81,81.86
