timestamp,vehicle_id,site_lat,site_lon,ambient_temp_c,relative_humidity,solar_radiation_wm2,wind_speed_ms,reefer_internal_temp,door_open_minutes
2026-06-01 00:00:00,V102,33.43483015056412,-111.96042201828519,32.75,29.8,330.7,5.27,1.65,8
2026-06-01 01:00:00,V101,33.47636531133312,-111.90967323686898,31.79,30.4,856.6,2.14,5.54,4
2026-06-01 02:00:00,V102,33.58457500645543,-111.94293781917747,32.97,29.4,531.3,1.39,4.36,9
2026-06-01 03:00:00,V101,33.375758334622624,-112.1647068035522,34.28,34.1,938.2,4.22,1.98,7
2026-06-01 04:00:00,V101,33.40777522437487,-111.97808090037434,31.65,17.7,496.8,0.71,1.97,5
2026-06-01 05:00:00,V103,33.41380757697672,-112.10409995026784,31.65,16.0,736.4,3.91,4.58,8
2026-06-01 06:00:00,V101,33.48166144729346,-111.90347520317638,34.37,16.7,411.4,4.34,6.06,9
2026-06-01 07:00:00,V102,33.407019615912,-112.05439230505203,36.26,28.3,472.9,1.68,2.35,9
2026-06-01 08:00:00,V102,33.46005357758991,-112.16326983049233,37.3,23.3,343.0,0.73,5.18,7
2026-06-01 09:00:00,V103,33.53453709895351,-111.9824443355918,41.3,33.7,460.3,2.5,3.19,5
2026-06-01 10:00:00,V102,33.51161567823366,-112.10309664048414,41.7,44.8,610.4,1.04,5.23,10
2026-06-01 11:00:00,V102,33.433910593953776,-111.9008765528755,42.89,26.6,943.8,1.14,5.02,6
2026-06-01 12:00:00,V102,33.55926485330225,-111.90606526264365,44.36,32.2,698.2,1.9,4.23,10
2026-06-01 13:00:00,V101,33.46744207487816,-112.00315979459383,40.72,27.5,349.4,2.13,1.25,4
2026-06-01 14:00:00,V101,33.46197175185066,-112.1610520653145,39.8,40.4,233.7,3.41,5.02,7
2026-06-01 15:00:00,V102,33.310256329781744,-111.99394170069749,39.64,42.1,294.8,4.23,4.75,12
2026-06-01 16:00:00,V103,33.59600789410715,-112.17209085406199,36.48,41.3,621.9,3.76,4.62,8
2026-06-01 17:00:00,V101,33.336891242558885,-112.19119075226928,35.58,44.2,773.9,1.32,4.29,7
2026-06-01 18:00:00,V103,33.36933927372829,-111.95311246613356,30.64,15.8,905.3,1.45,2.68,6
2026-06-01 19:00:00,V102,33.315509051172455,-112.1370741156949,29.88,40.2,211.9,5.33,5.62,12
2026-06-01 20:00:00,V102,33.492000890051074,-112.08629186213427,34.2,37.6,592.1,3.57,5.35,5
2026-06-01 21:00:00,V101,33.3674103530918,-111.90796278300715,31.66,21.9,553.2,5.28,2.39,6
2026-06-01 22:00:00,V102,33.35400313124182,-112.09894784944167,32.1,43.7,692.0,2.54,5.97,5
2026-06-01 23:00:00,V101,33.32656667526697,-112.11105306561501,29.86,19.4,619.7,3.88,4.2,10
2026-06-02 00:00:00,V102,33.330992687137204,-111.92453760011317,31.18,35.4,715.3,3.38,4.19,10
2026-06-02 01:00:00,V102,33.47540121013277,-112.16677546640432,32.17,21.7,693.6,2.26,3.74,5
2026-06-02 02:00:00,V101,33.50646235975998,-111.97212527696561,30.27,27.9,287.8,3.08,3.88,11
2026-06-02 03:00:00,V101,33.419213696539316,-111.90358033000417,32.56,36.6,799.8,3.26,6.06,8
2026-06-02 04:00:00,V101,33.44396912447762,-111.92961119676761,31.1,31.9,292.4,1.6,5.55,4
2026-06-02 05:00:00,V102,33.505790320794894,-112.00449962438807,31.56,27.8,723.9,2.23,5.52,8
2026-06-02 06:00:00,V102,33.30521393705564,-112.10578176150219,31.1,24.8,512.1,4.85,4.28,3
2026-06-02 07:00:00,V103,33.396939197121085,-112.12370340564651,37.88,40.2,585.4,5.54,5.33,4
2026-06-02 08:00:00,V101,33.5919293244211,-111.95422346853857,37.98,19.3,877.5,2.48,2.75,6
2026-06-02 09:00:00,V102,33.47403366890864,-111.93605342581449,38.9,27.9,867.4,2.19,4.88,13
2026-06-02 10:00:00,V102,33.37626737396925,-112.0423695262363,43.63,42.1,813.4,1.57,3.77,6
2026-06-02 11:00:00,V101,33.456519013990864,-112.12669801776407,41.76,40.4,582.6,4.23,0.91,5
2026-06-02 12:00:00,V103,33.40279604643627,-112.16611703747665,44.31,27.0,752.2,2.28,1.62,4
2026-06-02 13:00:00,V101,33.45967349664789,-112.17384615965045,40.65,37.9,584.7,5.93,3.01,8
2026-06-02 14:00:00,V103,33.33772245354199,-111.98427676579385,40.4,39.7,852.2,2.29,4.62,5
2026-06-02 15:00:00,V102,33.33981439614578,-112.07396438164568,40.78,41.7,502.1,2.67,3.01,6
2026-06-02 16:00:00,V103,33.34306270861182,-111.92839203771665,39.11,31.3,927.7,3.82,3.11,10
2026-06-02 17:00:00,V102,33.581945937578055,-111.97809860978198,35.36,21.1,899.2,4.91,5.14,16
2026-06-02 18:00:00,V101,33.519869675502406,-112.14262187462563,31.83,22.7,756.2,3.08,3.17,5
2026-06-02 19:00:00,V101,33.34871456839869,-112.01586677435529,31.55,23.9,409.6,2.82,6.0,10
2026-06-02 20:00:00,V101,33.35650472512968,-112.06934836368056,29.78,32.8,298.7,5.98,5.75,6
2026-06-02 21:00:00,V103,33.519248842461266,-112.02682508076943,30.92,16.0,841.0,0.56,4.03,10
2026-06-02 22:00:00,V102,33.34684915343765,-111.97857926299845,31.31,34.1,324.0,5.42,5.13,6
2026-06-02 23:00:00,V101,33.37036838800044,-111.95814123569886,33.59,25.9,840.7,1.32,4.93,9
2026-06-03 00:00:00,V101,33.58900404984612,-111.94687880207799,32.52,23.9,568.1,4.82,3.63,11
2026-06-03 01:00:00,V102,33.376591957418526,-112.1238075376284,29.36,41.4,504.9,3.9,5.29,4
2026-06-03 02:00:00,V101,33.498489705111346,-112.19066532002479,32.49,28.8,877.4,2.38,5.51,12
2026-06-03 03:00:00,V102,33.59358938622016,-111.97821157945057,31.42,17.9,652.9,5.31,2.57,10
2026-06-03 04:00:00,V102,33.412289030141935,-112.16809688212327,30.98,39.8,632.5,0.57,4.23,6
2026-06-03 05:00:00,V102,33.30525479725861,-112.10552412341612,32.92,16.4,619.1,1.75,4.21,12
2026-06-03 06:00:00,V102,33.37324418712671,-112.1988548597627,33.55,36.8,478.4,3.62,5.27,10
2026-06-03 07:00:00,V102,33.549263157402514,-111.99549915527952,36.5,38.2,789.2,2.43,3.33,6
2026-06-03 08:00:00,V103,33.55938265078651,-112.14986039655864,36.74,25.6,389.6,3.86,3.1,10
2026-06-03 09:00:00,V101,33.53055580935714,-112.0034152770925,40.02,39.7,904.2,0.63,4.25,8
2026-06-03 10:00:00,V103,33.33393294572297,-111.90247721484965,42.89,30.5,870.5,1.14,5.77,10
2026-06-03 11:00:00,V101,33.53865311150892,-112.178198738517,45.05,28.9,453.1,1.2,2.2,6
2026-06-03 12:00:00,V103,33.57560333909805,-112.17687659641456,43.28,16.4,747.1,1.54,2.46,5
2026-06-03 13:00:00,V102,33.48018286276387,-112.0978859722,43.31,23.7,629.9,3.03,3.22,15
2026-06-03 14:00:00,V101,33.58226260690142,-111.9400840457246,40.73,42.9,453.2,4.64,3.49,11
2026-06-03 15:00:00,V101,33.54805166511356,-112.1353410393626,38.69,26.8,941.4,5.48,1.35,6
2026-06-03 16:00:00,V103,33.50009145509727,-112.0918866540209,39.22,31.4,218.9,5.09,6.25,10
2026-06-03 17:00:00,V103,33.47315557101352,-112.17944837801191,37.14,31.0,389.5,1.58,3.8,8
2026-06-03 18:00:00,V101,33.40457210017259,-111.97105341262234,31.89,32.7,590.1,2.93,3.58,13
2026-06-03 19:00:00,V103,33.34778623357284,-112.07750809717217,33.51,16.8,591.5,1.6,6.43,5
2026-06-03 20:00:00,V103,33.48148617680716,-111.97222538008175,32.54,25.9,641.7,1.95,5.08,10
2026-06-03 21:00:00,V103,33.395433466085436,-111.92891764669596,31.03,36.7,763.8,3.27,3.2,10
2026-06-03 22:00:00,V102,33.559931600258295,-112.13017105586961,32.54,21.0,667.6,0.87,4.25,2
2026-06-03 23:00:00,V102,33.59800108120759,-111.95778119089802,34.31,21.1,650.2,1.7,3.94,9
2026-06-04 00:00:00,V103,33.52572832878467,-112.18227183297653,31.95,15.3,240.1,5.64,6.17,8
2026-06-04 01:00:00,V103,33.327144508586116,-111.93034578354593,34.35,28.1,482.4,3.06,3.75,12
2026-06-04 02:00:00,V102,33.38660567865919,-112.00476943573238,28.07,41.5,374.0,2.95,1.84,7
2026-06-04 03:00:00,V102,33.33273288952972,-111.9377319827585,33.23,16.6,399.0,0.58,1.18,11
2026-06-04 04:00:00,V101,33.495153494337515,-112.19994348013303,32.13,20.7,615.8,1.86,6.21,7
2026-06-04 05:00:00,V101,33.52955725936673,-112.1492756788932,31.55,24.3,349.6,5.26,2.82,8
2026-06-04 06:00:00,V102,33.577702449264216,-112.08307218377206,32.14,37.0,420.5,1.41,5.01,10
2026-06-04 07:00:00,V103,33.43145170392359,-112.08614912898759,32.12,34.2,377.8,2.78,4.11,7
2026-06-04 08:00:00,V103,33.57041269487654,-112.13198088512296,37.67,27.5,911.4,0.58,3.38,9
2026-06-04 09:00:00,V103,33.5633673477124,-112.08551641803984,41.02,37.8,908.5,3.13,3.61,8
2026-06-04 10:00:00,V103,33.395158715029616,-112.16134538639993,44.61,33.3,657.5,0.62,6.38,7
2026-06-04 11:00:00,V101,33.560670187662176,-112.0761716612202,42.81,41.9,893.4,5.01,1.83,9
2026-06-04 12:00:00,V102,33.41270167556452,-111.95929370125222,42.79,39.5,789.4,5.04,3.42,10
2026-06-04 13:00:00,V103,33.389060782368084,-112.056278981069,42.84,22.6,642.5,4.83,5.36,6
2026-06-04 14:00:00,V101,33.49472239763832,-112.19459997331644,43.77,23.1,204.8,2.06,2.08,3
2026-06-04 15:00:00,V103,33.398514368365525,-112.07356678752623,40.98,18.8,779.4,5.1,5.98,7
2026-06-04 16:00:00,V102,33.48906262449874,-112.19184749517275,37.21,25.1,726.9,3.49,5.34,2
2026-06-04 17:00:00,V101,33.48294954164961,-111.91012697678796,35.88,45.0,661.4,2.56,4.41,10
2026-06-04 18:00:00,V102,33.46903167820454,-112.16176381217315,32.15,27.2,770.3,3.94,3.25,4
2026-06-04 19:00:00,V102,33.414125911269835,-111.98769350210083,33.45,21.6,584.7,0.57,1.88,7
2026-06-04 20:00:00,V101,33.46454991649544,-111.90816710313239,30.95,37.9,728.1,1.29,5.06,13
2026-06-04 21:00:00,V101,33.478945642495624,-111.95218828450004,31.51,31.3,901.4,4.58,8.12,7
2026-06-04 22:00:00,V101,33.46370606654864,-111.99020538746214,31.41,19.5,481.9,1.84,4.22,8
2026-06-04 23:00:00,V101,33.43332583582536,-111.94816172714978,29.8,26.4,731.1,3.79,1.26,5
2026-06-05 00:00:00,V101,33.30440011711388,-111.90546039202182,32.44,27.4,556.8,2.62,4.69,8
2026-06-05 01:00:00,V101,33.47611851231034,-112.01359665082394,32.39,37.6,705.8,5.2,5.29,8
2026-06-05 02:00:00,V101,33.35053331554281,-112.0322445579512,32.01,15.6,772.2,5.74,2.62,6
2026-06-05 03:00:00,V103,33.49277279068416,-112.01152856686102,31.65,23.1,234.1,5.36,3.03,9
2026-06-05 04:00:00,V102,33.52780329837686,-112.04019723397154,29.88,30.5,685.0,1.99,2.88,13
2026-06-05 05:00:00,V101,33.45013359273922,-112.00947326822708,31.37,23.1,370.1,1.57,3.2,9
2026-06-05 06:00:00,V103,33.46270909949392,-112.06504733760823,31.49,33.9,702.5,3.11,3.74,10
2026-06-05 07:00:00,V103,33.5854435678998,-112.13446704513501,33.9,29.5,551.2,0.54,2.71,11
2026-06-05 08:00:00,V103,33.55415020841177,-112.1639258320465,37.76,25.9,780.2,0.64,2.15,8
2026-06-05 09:00:00,V102,33.57427095478544,-112.17949771934032,41.09,43.5,292.6,3.54,4.26,7
2026-06-05 10:00:00,V101,33.544129886495874,-112.12100526487404,45.22,34.0,669.7,3.36,3.73,4
2026-06-05 11:00:00,V103,33.33267550255402,-112.18616293069928,43.85,18.9,408.9,5.97,3.35,3
2026-06-05 12:00:00,V102,33.344697556791054,-112.02984876602419,44.39,31.8,839.7,1.61,4.12,10
2026-06-05 13:00:00,V102,33.45798713918069,-112.11485146589295,43.48,38.4,896.3,1.92,1.72,12
2026-06-05 14:00:00,V102,33.3738208976394,-111.95263955757389,39.51,36.3,947.3,1.12,4.39,8
2026-06-05 15:00:00,V103,33.443008642512346,-112.17772773810348,40.45,20.2,797.0,5.55,3.38,10
2026-06-05 16:00:00,V101,33.4183095971455,-112.13209455169756,38.09,44.2,765.3,4.78,4.36,6
2026-06-05 17:00:00,V103,33.46482427152914,-111.98092615587296,38.8,28.5,361.6,5.02,4.6,6
2026-06-05 18:00:00,V103,33.524062714840746,-112.02035751108495,31.71,19.8,452.0,5.47,5.7,8
2026-06-05 19:00:00,V101,33.514647272129785,-112.18065261862526,32.45,20.4,549.3,3.39,4.15,8
2026-06-05 20:00:00,V101,33.4563702397456,-111.93682816285134,31.95,17.9,780.0,2.98,5.6,11
2026-06-05 21:00:00,V101,33.54671802564512,-111.93682147115216,30.25,39.1,886.2,2.32,3.52,7
2026-06-05 22:00:00,V102,33.42925862746141,-112.10087759883727,33.71,18.7,341.9,3.74,3.59,9
2026-06-05 23:00:00,V101,33.56901428695204,-112.09787824699514,33.13,18.8,891.8,3.0,3.86,10
2026-06-06 00:00:00,V103,33.32138408101655,-111.90329149249496,33.19,40.5,721.7,2.98,5.16,8
2026-06-06 01:00:00,V101,33.58639800900999,-112.01214714852206,30.64,25.3,658.1,5.65,4.95,4
2026-06-06 02:00:00,V103,33.496407924429406,-112.04060504382959,34.1,15.9,349.9,5.91,4.2,9
2026-06-06 03:00:00,V102,33.41402235268116,-111.94855434493442,29.9,16.6,241.6,4.88,2.16,3
2026-06-06 04:00:00,V103,33.35914623797186,-112.1144128984928,32.88,19.3,626.3,4.66,4.92,12
2026-06-06 05:00:00,V103,33.443754968833076,-112.0712452219811,35.29,21.4,688.6,4.24,2.71,9
2026-06-06 06:00:00,V101,33.35836749695559,-112.1196669973535,30.51,35.0,358.1,1.41,2.63,7
2026-06-06 07:00:00,V101,33.34989948232294,-111.96325174602339,34.26,19.7,617.3,0.83,2.29,9
2026-06-06 08:00:00,V103,33.48520552722389,-112.02799519630943,38.15,18.6,842.4,4.3,3.88,4
2026-06-06 09:00:00,V101,33.456925417374535,-112.00235247895799,39.73,37.9,826.3,4.51,5.82,6
2026-06-06 10:00:00,V102,33.50102881038328,-112.12430782504818,40.07,35.1,895.5,0.76,2.55,5
2026-06-06 11:00:00,V102,33.5788817632266,-112.1339324095868,43.69,28.1,474.4,5.6,6.52,9
2026-06-06 12:00:00,V101,33.459678064001714,-112.05348761130513,42.41,31.5,438.5,1.0,5.36,12
2026-06-06 13:00:00,V102,33.47427961597884,-111.97873027527216,44.3,24.4,762.1,2.07,1.8,5
2026-06-06 14:00:00,V101,33.32688790174648,-112.04242807274396,41.01,29.5,523.3,4.2,3.43,8
2026-06-06 15:00:00,V103,33.51529073577259,-112.1902062967363,42.81,30.2,265.7,1.43,2.44,7
2026-06-06 16:00:00,V103,33.41997156204125,-111.93943454810392,36.83,26.6,412.1,0.8,5.0,10
2026-06-06 17:00:00,V102,33.59301757159877,-112.18059393194547,34.62,42.2,513.9,2.32,2.52,8
2026-06-06 18:00:00,V101,33.546952204678696,-111.91325265488378,33.22,15.5,419.4,4.71,1.57,8
2026-06-06 19:00:00,V101,33.45674431215483,-112.19245741251682,30.15,38.5,449.2,2.78,3.51,10
2026-06-06 20:00:00,V102,33.336966796251644,-111.99166486316079,32.34,18.7,420.3,4.09,5.75,10
2026-06-06 21:00:00,V103,33.55782473798418,-112.17533788088647,33.96,38.9,231.1,3.69,3.71,7
2026-06-06 22:00:00,V102,33.539934328627204,-111.92679702616947,29.59,33.5,677.8,0.62,4.6,8
2026-06-06 23:00:00,V103,33.35537553886111,-112.06067002913234,32.28,40.3,648.0,5.94,4.66,12
2026-06-07 00:00:00,V101,33.388583486766095,-112.15874286755489,32.39,17.9,690.0,0.73,1.73,2
2026-06-07 01:00:00,V103,33.538022177444354,-112.09775529006305,33.17,31.8,344.2,5.82,2.65,11
2026-06-07 02:00:00,V102,33.355568533964224,-112.15055259739597,30.14,30.0,421.7,3.52,4.01,10
2026-06-07 03:00:00,V101,33.57532574675142,-112.14882542653288,30.02,36.2,664.7,5.8,3.16,7
2026-06-07 04:00:00,V102,33.427358227558905,-111.91556750394858,32.78,31.0,649.7,1.13,6.56,15
2026-06-07 05:00:00,V102,33.326111688776294,-112.06642616631457,32.45,31.2,579.7,3.2,2.16,5
2026-06-07 06:00:00,V103,33.544724593051285,-111.9633593208284,32.38,27.9,462.8,1.43,2.64,2
2026-06-07 07:00:00,V102,33.41205290491151,-112.0081183316467,35.63,24.3,884.7,0.78,4.44,9
2026-06-07 08:00:00,V103,33.45794975824614,-111.99707209129849,36.98,29.5,454.8,3.9,3.06,14
2026-06-07 09:00:00,V101,33.33369130332336,-112.16049196845839,40.83,18.6,541.7,1.64,-0.34,7
2026-06-07 10:00:00,V103,33.300775204453494,-112.12974466595536,42.83,43.8,708.6,3.73,6.9,5
2026-06-07 11:00:00,V101,33.49139556173799,-111.96397489945367,42.52,36.4,607.3,1.12,2.39,9
2026-06-07 12:00:00,V103,33.45455255110012,-111.90877013805758,46.8,43.6,460.2,2.33,4.84,8
2026-06-07 13:00:00,V102,33.47806157073694,-112.12119730722041,44.3,21.8,526.7,4.8,2.12,9
2026-06-07 14:00:00,V103,33.53812315511416,-112.11852937057469,40.61,41.4,795.9,2.9,2.71,8
2026-06-07 15:00:00,V103,33.49398177402686,-112.05813086015674,41.47,39.3,408.6,3.95,1.57,7
2026-06-07 16:00:00,V101,33.35243203284821,-111.90484790614337,36.54,35.3,306.7,4.06,2.89,8
2026-06-07 17:00:00,V102,33.408231755733176,-112.11931231625206,36.29,33.8,434.9,5.14,3.03,7
2026-06-07 18:00:00,V103,33.57176733143633,-112.07790842710972,33.74,24.5,837.2,2.29,3.8,10
2026-06-07 19:00:00,V102,33.53098341007551,-111.93255599531295,30.77,39.5,266.7,4.28,3.44,8
2026-06-07 20:00:00,V103,33.46699111738101,-112.1991236902136,33.45,30.0,943.8,5.79,1.84,5
2026-06-07 21:00:00,V103,33.37669349934278,-112.18807021050343,32.62,17.1,605.8,4.52,3.21,6
2026-06-07 22:00:00,V102,33.39061815055044,-112.01877849687864,33.23,24.4,938.6,3.19,6.17,8
2026-06-07 23:00:00,V103,33.51958742027569,-111.92778595058616,34.85,43.1,904.2,3.97,5.99,8
2026-06-08 00:00:00,V102,33.55535227825583,-112.12834300187943,31.63,40.5,539.6,4.57,4.68,9
2026-06-08 01:00:00,V103,33.501427400859185,-112.0591074675958,30.87,44.5,348.9,3.87,4.99,11
2026-06-08 02:00:00,V101,33.54285899273053,-112.06486040950266,30.67,33.8,323.7,0.59,7.09,12
2026-06-08 03:00:00,V102,33.52999684056012,-112.05810859617135,30.78,22.4,380.0,1.57,4.86,9
2026-06-08 04:00:00,V103,33.34491119038709,-112.01324409128108,31.88,19.9,732.6,4.96,4.97,5
2026-06-08 05:00:00,V103,33.42718344387399,-112.0590768711028,32.51,20.6,404.7,2.0,1.65,3
2026-06-08 06:00:00,V101,33.345895140248565,-112.06575955760327,32.42,15.6,456.1,4.52,2.33,13
2026-06-08 07:00:00,V102,33.3705706754406,-112.05771347387062,36.35,26.7,536.6,2.55,3.95,12
2026-06-08 08:00:00,V103,33.56077788739532,-112.02273976761869,38.02,20.7,884.9,3.37,2.79,16
2026-06-08 09:00:00,V101,33.441867589689956,-112.0388977534946,42.67,27.3,342.0,0.87,2.5,8
2026-06-08 10:00:00,V103,33.4606074305528,-111.94375920070486,42.0,43.0,203.8,1.5,2.68,13
2026-06-08 11:00:00,V102,33.35353378956833,-112.1851509439519,47.67,27.9,245.1,5.76,1.86,10
2026-06-08 12:00:00,V103,33.393681535814636,-111.9500048785581,44.94,41.3,878.6,5.4,2.81,8
2026-06-08 13:00:00,V103,33.36907385052836,-111.9468226162165,42.31,33.2,685.6,4.09,4.51,13
2026-06-08 14:00:00,V103,33.36185584935553,-112.11452759354071,40.79,22.4,404.8,3.03,6.69,10
2026-06-08 15:00:00,V103,33.49138823799479,-112.06114441349524,41.21,25.7,332.9,4.22,5.2,12
2026-06-08 16:00:00,V101,33.37706515429371,-112.06843845343877,37.66,17.5,420.7,3.9,4.95,8
2026-06-08 17:00:00,V101,33.489604645806125,-112.13444704969376,36.18,25.0,286.1,3.63,1.56,9
2026-06-08 18:00:00,V102,33.31753638423256,-112.08096094587411,32.71,35.3,906.1,0.83,4.18,9
2026-06-08 19:00:00,V101,33.342532318058126,-112.18668366834875,31.89,17.2,788.2,3.98,3.9,6
2026-06-08 20:00:00,V101,33.38236207620004,-112.11665337816548,30.73,21.2,546.8,4.73,4.44,6
2026-06-08 21:00:00,V102,33.47911407506871,-111.95499534736479,29.73,26.4,848.7,5.97,3.46,11
2026-06-08 22:00:00,V101,33.502752373526214,-112.11463130947114,31.33,44.5,387.1,0.56,6.49,7
2026-06-08 23:00:00,V101,33.432815090033856,-111.95453799937553,33.28,38.5,737.8,4.52,4.08,11
2026-06-09 00:00:00,V102,33.433737274373165,-112.04052016061867,32.32,37.0,842.1,3.64,4.23,10
2026-06-09 01:00:00,V102,33.517355055419586,-111.93604119679166,30.13,18.5,467.6,2.89,1.06,7
2026-06-09 02:00:00,V102,33.30474632752967,-112.02756613372068,32.26,38.4,768.1,1.2,3.84,5
2026-06-09 03:00:00,V103,33.402327007342265,-112.19109953308057,32.58,38.6,421.3,2.75,5.72,3
2026-06-09 04:00:00,V103,33.54561211713577,-111.99737393773587,30.67,33.0,424.1,2.45,4.83,5
2026-06-09 05:00:00,V102,33.48096582306401,-112.18654392959293,32.23,44.7,280.3,2.17,0.77,4
2026-06-09 06:00:00,V102,33.40116813982662,-112.06482089430506,32.09,24.8,530.0,4.52,3.33,9
2026-06-09 07:00:00,V102,33.5716574376989,-111.92117199165807,33.39,43.2,747.3,4.35,6.6,11
2026-06-09 08:00:00,V103,33.53178681823481,-112.15043881819865,38.54,42.4,905.2,3.74,3.77,2
2026-06-09 09:00:00,V103,33.37946863417102,-112.08303829411754,41.33,15.3,652.8,5.66,4.48,11
2026-06-09 10:00:00,V101,33.49358695125772,-111.98104190734546,44.02,28.5,847.4,2.42,6.43,13
2026-06-09 11:00:00,V101,33.47872521845669,-111.93532243317155,45.17,44.3,816.9,1.84,3.77,10
2026-06-09 12:00:00,V102,33.42035637421169,-111.99871709857726,41.93,18.1,330.0,4.11,5.19,10
2026-06-09 13:00:00,V103,33.41008682376144,-112.12254802374265,42.18,31.4,564.4,1.59,4.62,10
2026-06-09 14:00:00,V103,33.40306814243271,-111.99761764412514,43.16,44.4,287.7,2.23,4.94,11
2026-06-09 15:00:00,V103,33.485146735018695,-112.11098170766877,41.26,31.7,711.6,1.74,4.57,11
2026-06-09 16:00:00,V102,33.4327229809442,-111.98447123105439,38.77,20.7,912.4,0.88,3.18,8
2026-06-09 17:00:00,V101,33.549558933975426,-111.9137900617245,40.88,32.5,302.8,5.05,3.33,7
2026-06-09 18:00:00,V102,33.50088078484019,-111.98358196466812,32.86,21.1,750.4,1.9,2.72,8
2026-06-09 19:00:00,V101,33.320979481712826,-111.94113584912628,33.7,30.6,674.2,3.1,1.54,6
2026-06-09 20:00:00,V101,33.49205046714845,-112.19936884704724,33.43,17.2,637.7,0.74,5.87,11
2026-06-09 21:00:00,V102,33.381344230950056,-111.98472836258053,32.98,33.2,492.6,4.35,4.02,7
2026-06-09 22:00:00,V101,33.477843597496026,-111.95112373294043,31.53,30.5,466.3,2.32,5.79,10
2026-06-09 23:00:00,V101,33.504039579331035,-112.1878323787366,33.14,37.2,233.9,4.6,6.35,9
2026-06-10 00:00:00,V103,33.3692487567462,-111.93852068181354,30.84,33.9,363.4,2.77,4.08,11
2026-06-10 01:00:00,V101,33.43705759346411,-112.12299173150699,31.64,31.5,211.4,1.58,2.03,6
2026-06-10 02:00:00,V102,33.357097458845715,-112.00041236940659,31.27,35.7,636.1,3.32,3.71,5
2026-06-10 03:00:00,V102,33.31570166273595,-111.95989353629298,32.12,19.3,279.4,1.22,2.99,6
2026-06-10 04:00:00,V101,33.41354292704576,-112.0012006460822,35.47,32.9,854.8,2.92,1.03,10
2026-06-10 05:00:00,V103,33.4088832815538,-112.17231456237802,29.2,20.2,592.4,2.25,3.25,10
2026-06-10 06:00:00,V103,33.59864414721128,-112.0211035443419,33.03,42.8,724.8,5.52,3.89,7
2026-06-10 07:00:00,V101,33.433905705359294,-112.03512490298336,32.69,17.1,508.1,0.84,3.04,5
2026-06-10 08:00:00,V101,33.40007086484166,-111.92990361957773,37.29,27.9,620.4,4.32,2.84,4
2026-06-10 09:00:00,V102,33.474142502015,-112.07872808110675,42.12,35.9,907.0,1.51,2.08,11
2026-06-10 10:00:00,V101,33.32663021823233,-112.10367567087388,42.49,28.7,262.1,2.25,4.29,13
2026-06-10 11:00:00,V103,33.588499720786444,-111.97504477066907,41.97,17.8,390.5,2.79,6.8,5
2026-06-10 12:00:00,V101,33.49048801367731,-112.07619740217498,42.93,31.6,785.0,5.49,5.92,10
2026-06-10 13:00:00,V102,33.52645134598225,-112.00617114749849,44.61,34.2,274.1,1.83,4.98,5
2026-06-10 14:00:00,V102,33.351143381452175,-112.00606497296262,41.3,36.1,256.7,1.0,5.01,12
2026-06-10 15:00:00,V102,33.42284335590156,-111.93358828069196,40.81,26.2,471.2,2.25,3.8,10
2026-06-10 16:00:00,V102,33.426806734018854,-112.02039227930428,38.07,31.9,269.1,1.08,1.29,10
2026-06-10 17:00:00,V102,33.546541933170325,-112.0493539170114,34.13,28.5,638.8,1.21,3.45,4
2026-06-10 18:00:00,V101,33.30037100392782,-112.15833860208105,35.22,35.2,369.7,3.66,2.55,5
2026-06-10 19:00:00,V101,33.39025593250597,-112.16527871799639,32.95,32.5,871.8,0.83,4.23,13
2026-06-10 20:00:00,V101,33.59437091230329,-112.15370353041509,28.96,30.8,787.6,0.67,5.85,6
2026-06-10 21:00:00,V101,33.442465963051866,-112.14844545560187,32.28,22.5,724.8,4.43,6.96,12
2026-06-10 22:00:00,V102,33.414757884073204,-112.00863687220091,31.01,15.1,662.7,2.49,4.1,5
2026-06-10 23:00:00,V103,33.33594870060529,-111.97770562491763,33.28,20.2,847.6,1.19,1.5,10
2026-06-11 00:00:00,V101,33.59224938858841,-112.04100254312208,30.81,18.5,367.3,1.89,4.09,4
2026-06-11 01:00:00,V103,33.306007906777744,-111.95129468023636,31.83,28.5,854.8,4.03,4.13,11
2026-06-11 02:00:00,V101,33.521154067502174,-111.90262103197992,32.76,33.4,792.1,2.02,5.02,5
2026-06-11 03:00:00,V101,33.53057994143655,-111.9539962112642,33.3,21.4,761.1,3.22,3.97,8
2026-06-11 04:00:00,V103,33.37309701481916,-111.99153528789722,30.2,43.2,620.9,1.17,4.1,9
2026-06-11 05:00:00,V102,33.50146753308391,-112.04025219016886,31.5,15.2,384.7,3.73,3.05,10
2026-06-11 06:00:00,V101,33.32787874331382,-112.06534407849759,31.29,38.2,517.7,2.24,3.53,4
2026-06-11 07:00:00,V101,33.37711417992962,-112.17468228583664,34.13,33.8,795.2,3.95,4.77,7
2026-06-11 08:00:00,V101,33.53637059648768,-112.0801893754816,40.65,26.2,223.8,4.95,0.99,7
2026-06-11 09:00:00,V103,33.55940585761006,-111.92695960896536,41.09,16.5,786.5,3.86,3.52,4
2026-06-11 10:00:00,V102,33.482545923797936,-111.95759321102804,40.5,33.8,380.1,2.13,5.03,18
2026-06-11 11:00:00,V103,33.45205152954615,-112.1351845904965,44.97,26.6,308.2,1.91,6.46,7
2026-06-11 12:00:00,V103,33.34779120618569,-112.06001766459084,47.18,43.1,286.8,2.3,3.4,7
2026-06-11 13:00:00,V102,33.31893270992374,-111.95498303923245,45.14,31.3,220.4,1.41,5.78,1
2026-06-11 14:00:00,V103,33.335294708542065,-112.17978463356435,40.11,43.2,592.7,1.5,6.54,8
2026-06-11 15:00:00,V102,33.368207190028826,-112.08378222429941,39.76,21.6,363.7,4.85,3.42,8
2026-06-11 16:00:00,V101,33.40250235056907,-111.94444762893782,39.9,36.8,942.1,2.62,3.16,6
2026-06-11 17:00:00,V102,33.414272857653295,-112.07883064074896,34.04,33.5,630.8,2.9,3.73,9
2026-06-11 18:00:00,V101,33.4038965305767,-112.17671560658057,32.67,37.2,303.4,3.77,3.88,4
2026-06-11 19:00:00,V103,33.37171659965918,-112.03723968944033,33.16,21.4,716.6,3.74,5.64,6
2026-06-11 20:00:00,V103,33.45291727402551,-111.94147725152452,30.61,34.9,873.3,0.87,2.84,12
2026-06-11 21:00:00,V101,33.54758583246987,-112.02291433711406,31.91,29.9,758.9,5.07,6.31,15
2026-06-11 22:00:00,V103,33.38391106154144,-112.13211626753574,27.14,37.3,257.3,1.48,2.8,3
2026-06-11 23:00:00,V102,33.58271610573067,-112.08472811395879,30.46,24.8,871.9,4.48,2.1,9
2026-06-12 00:00:00,V101,33.562000998517156,-112.06496299164543,31.62,41.7,795.4,4.75,4.79,6
2026-06-12 01:00:00,V103,33.34852926340563,-112.02622009385385,30.13,17.5,318.7,4.43,5.85,5
2026-06-12 02:00:00,V101,33.53588278702713,-111.97219469227421,34.45,39.2,238.8,3.68,4.27,4
2026-06-12 03:00:00,V102,33.47237621469533,-112.17033791470782,29.85,40.8,618.0,0.58,4.65,13
2026-06-12 04:00:00,V102,33.469972608651425,-111.93310439009474,31.34,39.5,317.0,2.48,6.93,7
2026-06-12 05:00:00,V103,33.41731282891745,-112.19630708909519,32.2,30.4,825.9,3.83,5.87,8
2026-06-12 06:00:00,V102,33.4503458997546,-112.08898429959773,34.16,28.2,468.8,2.63,4.05,8
2026-06-12 07:00:00,V101,33.41915363322876,-112.19177390700821,32.95,44.9,884.7,5.25,3.35,9
2026-06-12 08:00:00,V102,33.461919785627984,-112.08210773239642,39.74,21.9,624.3,2.2,5.64,10
2026-06-12 09:00:00,V101,33.48838501583179,-112.042256220338,40.5,31.4,337.0,2.11,5.24,14
2026-06-12 10:00:00,V101,33.50229114192271,-112.04649558402555,40.92,35.1,304.7,1.96,4.63,3
2026-06-12 11:00:00,V102,33.459744357767825,-112.15031149589153,44.28,36.0,632.4,2.33,3.51,4
2026-06-12 12:00:00,V103,33.51642662019862,-112.00627784697132,44.3,21.1,771.4,3.57,3.89,8
2026-06-12 13:00:00,V102,33.34238341478265,-112.1865664648486,42.69,34.6,786.1,4.39,3.78,9
2026-06-12 14:00:00,V101,33.36359474727067,-111.97142795396029,42.5,39.6,406.8,4.14,3.53,13
2026-06-12 15:00:00,V101,33.54562050122228,-111.91600666980194,39.91,16.5,353.2,4.94,3.1,5
2026-06-12 16:00:00,V102,33.39675839335392,-112.09806935185466,38.17,42.3,212.6,5.37,4.4,8
2026-06-12 17:00:00,V103,33.306868147492835,-112.0448281854857,36.1,15.9,709.4,4.99,3.03,4
2026-06-12 18:00:00,V103,33.346137344900406,-112.08632691658237,34.38,25.7,257.4,0.6,4.27,8
2026-06-12 19:00:00,V101,33.36708433034889,-112.19798688290878,30.14,15.5,515.6,4.55,0.85,5
2026-06-12 20:00:00,V101,33.58719686636838,-112.08423764913147,35.2,17.3,651.3,1.65,3.1,12
2026-06-12 21:00:00,V103,33.47191242867925,-111.96248392222161,29.07,42.3,902.8,1.23,5.65,6
2026-06-12 22:00:00,V102,33.57981922214288,-112.02120334734497,31.77,25.6,433.9,4.01,2.65,9
2026-06-12 23:00:00,V101,33.472549005148984,-112.16962202561545,32.88,27.7,387.3,2.26,4.89,8
2026-06-13 00:00:00,V101,33.443806332041355,-111.94585815309188,32.42,21.5,690.6,0.81,2.77,12
2026-06-13 01:00:00,V103,33.39411830735823,-112.04067439653443,31.07,32.9,664.4,1.26,5.16,11
2026-06-13 02:00:00,V102,33.481911283330014,-111.9474829914766,31.69,32.8,449.1,0.51,3.55,6
2026-06-13 03:00:00,V103,33.341759407385254,-112.02593354436449,31.26,26.2,896.1,5.47,3.5,7
2026-06-13 04:00:00,V102,33.56947848818781,-112.03209346654862,31.12,25.0,833.6,0.64,4.08,3
2026-06-13 05:00:00,V102,33.54879972154239,-112.1684222444409,33.27,41.5,368.0,1.65,1.98,10
2026-06-13 06:00:00,V102,33.39525943436302,-112.14979208005842,32.54,26.5,379.4,2.79,5.46,4
2026-06-13 07:00:00,V101,33.58583925828039,-111.90839242305103,34.07,29.8,584.2,2.46,5.96,9
2026-06-13 08:00:00,V103,33.54756023022467,-112.13145397597357,39.35,23.5,780.2,5.51,3.46,13
2026-06-13 09:00:00,V103,33.499892065750515,-111.90676436460289,40.95,38.6,233.0,0.72,4.79,13
2026-06-13 10:00:00,V102,33.33652857333758,-112.04042618804273,43.61,26.9,720.0,3.32,5.17,11
2026-06-13 11:00:00,V101,33.44347020691442,-112.15926328588083,44.54,30.4,686.2,4.24,3.86,11
2026-06-13 12:00:00,V101,33.451832266454026,-112.1702093391739,42.76,22.6,373.6,5.62,2.34,6
2026-06-13 13:00:00,V103,33.36976540750961,-112.13734077878829,42.75,44.6,711.0,3.91,6.39,4
2026-06-13 14:00:00,V101,33.323989618307785,-111.92230880099241,43.51,23.7,905.1,4.92,3.41,11
2026-06-13 15:00:00,V101,33.53301708914151,-112.07575493270154,41.4,38.1,235.1,0.96,3.09,6
2026-06-13 16:00:00,V102,33.33661051563732,-112.08136971960214,37.97,27.8,439.7,2.62,6.46,3
2026-06-13 17:00:00,V101,33.47828722516853,-112.10603812167895,35.28,21.2,528.6,2.56,4.92,15
2026-06-13 18:00:00,V102,33.5809347521651,-112.15588144483003,33.92,39.0,874.4,5.37,4.39,4
2026-06-13 19:00:00,V103,33.56283155777941,-112.05364464084228,31.11,25.0,921.7,1.33,2.54,14
2026-06-13 20:00:00,V101,33.383325787124775,-112.16098566524666,32.82,41.0,533.1,1.34,5.2,7
2026-06-13 21:00:00,V103,33.55543459126538,-111.9493559290853,31.7,42.5,762.5,2.31,8.34,7
2026-06-13 22:00:00,V103,33.30009975183614,-112.08888090411742,31.67,40.8,598.7,0.8,5.32,11
2026-06-13 23:00:00,V101,33.30530634288397,-112.08755892966546,33.65,16.1,603.3,1.5,4.74,5
2026-06-14 00:00:00,V101,33.48076594915286,-112.05779807145505,33.24,38.6,408.6,5.81,5.08,8
2026-06-14 01:00:00,V103,33.40943946574336,-112.06676168605028,33.22,27.3,362.7,2.86,3.51,7
2026-06-14 02:00:00,V101,33.41593825234774,-111.90154260808221,33.96,41.2,416.0,3.98,3.49,3
2026-06-14 03:00:00,V102,33.46933232720367,-112.03638566363452,32.03,34.1,617.2,4.49,3.47,7
2026-06-14 04:00:00,V102,33.35753473667756,-112.17353948886304,33.02,40.0,221.9,2.52,3.14,8
2026-06-14 05:00:00,V101,33.36352660519964,-112.01793679752693,31.53,30.0,880.4,1.31,3.47,6
2026-06-14 06:00:00,V103,33.44538047610566,-112.15452471213904,32.49,31.1,317.2,1.64,3.46,5
2026-06-14 07:00:00,V101,33.52627606330316,-112.1907187065806,34.91,19.3,365.1,2.22,3.63,8
2026-06-14 08:00:00,V101,33.48584932542228,-111.90877735389684,38.15,38.5,588.7,4.0,3.59,5
2026-06-14 09:00:00,V103,33.38920651447105,-111.96793833253963,41.38,27.6,732.6,2.69,4.36,9
2026-06-14 10:00:00,V103,33.429101153252674,-111.90596730227587,41.16,30.0,271.8,0.54,4.12,6
2026-06-14 11:00:00,V102,33.351199427565,-112.05663646559333,46.73,38.6,438.3,3.38,4.25,9
2026-06-14 12:00:00,V103,33.322388944301125,-112.04032274065531,42.49,33.0,926.5,5.57,6.28,12
2026-06-14 13:00:00,V102,33.53480881222325,-112.14949891322426,41.77,21.0,396.8,4.97,4.12,12
2026-06-14 14:00:00,V103,33.379616222756454,-112.12592777199973,44.13,32.7,434.8,5.04,7.32,5
2026-06-14 15:00:00,V101,33.35332991635537,-111.94843523552916,41.67,27.2,827.4,4.87,4.53,8
2026-06-14 16:00:00,V102,33.5074854166708,-112.09314430586473,38.94,29.1,237.7,2.28,3.33,6
2026-06-14 17:00:00,V102,33.48541550228616,-111.95195550786109,36.05,15.8,548.5,4.71,6.02,4
2026-06-14 18:00:00,V102,33.48995688780404,-111.9872958827139,31.98,21.3,484.7,1.29,3.88,6
2026-06-14 19:00:00,V101,33.36866838145398,-112.14684872241844,30.65,23.4,437.4,4.12,0.41,8
2026-06-14 20:00:00,V101,33.3697936615688,-112.04776609016407,32.11,36.4,414.3,4.03,3.99,5
2026-06-14 21:00:00,V101,33.36624078893569,-111.99678380354439,30.98,15.3,268.5,0.64,3.63,7
2026-06-14 22:00:00,V101,33.352125778698685,-112.12948883555886,33.46,27.3,436.1,4.83,6.41,9
2026-06-14 23:00:00,V101,33.496717101768496,-111.95079344684399,31.78,42.7,232.3,5.47,2.65,7
2026-06-15 00:00:00,V102,33.55440476557482,-112.03655170273645,30.76,18.4,785.7,1.97,3.5,12
2026-06-15 01:00:00,V101,33.517295240902996,-112.15042738486723,31.52,30.5,498.7,4.97,5.9,10
2026-06-15 02:00:00,V102,33.537628090128166,-112.02510467215062,32.62,38.6,532.9,0.95,4.59,13
2026-06-15 03:00:00,V101,33.42143952872556,-111.90008585875323,31.15,43.3,870.2,3.8,3.74,4
2026-06-15 04:00:00,V103,33.4962227386116,-112.15484355250098,30.77,37.4,693.5,3.17,2.87,10
2026-06-15 05:00:00,V102,33.40627087213343,-111.95497292096415,32.37,36.6,206.0,3.5,4.53,8
2026-06-15 06:00:00,V103,33.45765138659059,-112.13780729904374,32.37,39.8,907.4,5.59,3.96,6
2026-06-15 07:00:00,V102,33.444490453960455,-111.96528350116198,34.35,28.4,377.9,5.29,2.85,6
2026-06-15 08:00:00,V103,33.35306614354315,-111.97962662306358,37.29,39.2,280.7,4.82,2.93,12
2026-06-15 09:00:00,V101,33.416123628100685,-112.10985318431987,40.83,15.2,776.1,2.01,2.78,13
2026-06-15 10:00:00,V101,33.58914668264471,-112.10225306473068,40.22,42.7,575.4,5.52,2.51,11
2026-06-15 11:00:00,V101,33.37457407731448,-111.96224358241113,41.48,28.3,525.3,1.04,5.4,11
2026-06-15 12:00:00,V102,33.34014112088384,-112.0615663464338,42.92,31.6,387.1,5.19,5.2,5
2026-06-15 13:00:00,V103,33.42557418648718,-111.98075459138646,43.27,22.6,610.6,2.3,5.4,8
2026-06-15 14:00:00,V101,33.53710132075805,-112.15560475579025,42.86,37.3,405.8,0.8,4.01,9
2026-06-15 15:00:00,V103,33.47464446893399,-111.94423266542954,42.7,17.3,876.2,4.18,3.64,15
2026-06-15 16:00:00,V103,33.504292448171476,-111.9867345849953,39.29,41.2,361.4,1.77,3.66,12
2026-06-15 17:00:00,V101,33.3569084544524,-111.92791715734955,34.87,39.8,863.3,1.84,5.53,7
2026-06-15 18:00:00,V101,33.485684457902316,-112.16028828628951,31.97,21.5,619.6,2.18,1.27,9
2026-06-15 19:00:00,V103,33.39705011847344,-112.02209564989182,30.5,39.3,821.4,0.85,3.23,7
2026-06-15 20:00:00,V101,33.550291009786434,-112.02026382448791,31.97,38.6,734.6,1.47,2.67,7
2026-06-15 21:00:00,V101,33.48878964180322,-112.09396177783597,31.57,34.0,722.5,0.53,6.04,3
2026-06-15 22:00:00,V101,33.35965688333258,-112.06246007262922,32.48,26.2,443.3,2.95,3.28,9
2026-06-15 23:00:00,V102,33.31938500395322,-112.18860553101305,30.76,23.1,375.4,0.96,1.55,10
2026-06-16 00:00:00,V103,33.312789962786105,-111.9762419884119,32.78,22.0,358.2,4.25,4.34,10
2026-06-16 01:00:00,V103,33.41142257029504,-112.03520325617905,34.3,24.6,842.9,1.8,3.44,11
2026-06-16 02:00:00,V102,33.37975534099629,-112.18267768443926,31.84,42.1,815.3,5.69,3.16,6
2026-06-16 03:00:00,V103,33.493827037038756,-111.99577323211186,32.6,17.3,530.4,5.29,3.01,5
2026-06-16 04:00:00,V101,33.44980015049359,-112.05996537683065,33.04,39.9,299.3,2.09,2.95,4
2026-06-16 05:00:00,V103,33.379805783401615,-112.18966162217251,31.4,25.5,486.7,4.81,5.06,6
2026-06-16 06:00:00,V101,33.34477133338505,-111.90911768194557,32.34,30.6,664.5,4.92,4.34,11
2026-06-16 07:00:00,V102,33.338159928806235,-111.91526635707318,35.12,38.8,540.8,5.93,3.7,10
2026-06-16 08:00:00,V101,33.559398117642125,-112.04612927515585,38.15,41.5,785.1,3.79,2.35,15
2026-06-16 09:00:00,V103,33.37304339052146,-112.17189827378823,39.33,25.3,948.2,0.95,3.75,9
2026-06-16 10:00:00,V103,33.49551319437329,-111.97361363352043,42.43,28.9,343.3,4.06,4.39,4
2026-06-16 11:00:00,V103,33.54320577839588,-112.05242066996828,44.34,27.4,544.7,3.94,4.45,11
2026-06-16 12:00:00,V102,33.48422439335542,-112.1092657565132,46.18,15.4,523.2,4.01,4.24,11
2026-06-16 13:00:00,V102,33.55786956949409,-112.05257454674144,45.03,23.9,428.4,2.19,2.62,9
2026-06-16 14:00:00,V103,33.41771811645854,-112.04326675637836,45.62,28.8,348.6,5.23,0.4,11
2026-06-16 15:00:00,V101,33.58686665719468,-112.03118649029331,39.33,27.3,249.3,5.78,6.7,9
2026-06-16 16:00:00,V102,33.33994350125343,-112.06763288590341,39.31,36.7,865.3,1.7,2.04,4
2026-06-16 17:00:00,V103,33.33064485889726,-112.01827340905828,35.38,26.5,514.9,0.98,1.05,11
2026-06-16 18:00:00,V103,33.49760764386223,-111.92437958681809,35.28,29.7,572.7,1.57,4.2,3
2026-06-16 19:00:00,V102,33.58284934242398,-112.09131957387042,30.79,27.9,887.7,5.01,1.44,8
2026-06-16 20:00:00,V102,33.5426650384909,-111.98228506103402,30.74,37.2,782.2,4.22,2.79,8
2026-06-16 21:00:00,V102,33.32292505783141,-111.93166423295274,31.1,40.9,297.9,4.0,4.82,4
2026-06-16 22:00:00,V101,33.383810314180415,-112.06320621727203,28.81,31.0,624.1,2.71,6.66,3
2026-06-16 23:00:00,V101,33.57909566545135,-112.06696324908543,31.21,38.7,531.7,3.68,4.58,4
2026-06-17 00:00:00,V103,33.37591752984024,-112.01936490439357,30.86,23.9,797.9,2.19,3.34,6
2026-06-17 01:00:00,V102,33.53435112713608,-112.02257797217325,32.23,31.2,743.2,3.12,3.92,8
2026-06-17 02:00:00,V101,33.54753965877861,-111.95802319730213,32.51,25.4,717.8,4.86,1.29,9
2026-06-17 03:00:00,V102,33.44863563103829,-112.05705498486651,34.81,27.4,455.4,5.9,3.32,5
2026-06-17 04:00:00,V103,33.4159046729545,-111.90116311510818,33.43,37.0,803.7,5.63,3.33,8
2026-06-17 05:00:00,V101,33.43503732972593,-112.18215852933982,31.13,41.4,239.3,5.64,4.23,7
2026-06-17 06:00:00,V101,33.36808940830961,-112.19904964542579,30.65,18.6,319.7,2.71,6.91,9
2026-06-17 07:00:00,V101,33.566817274838655,-112.00794050653212,35.84,34.0,451.7,3.08,1.09,6
2026-06-17 08:00:00,V103,33.435185897018926,-112.11046952629144,36.02,32.5,257.6,4.38,3.39,5
2026-06-17 09:00:00,V102,33.56473783213683,-112.12788528339016,43.23,18.6,376.2,5.57,1.25,1
2026-06-17 10:00:00,V101,33.33170804397188,-112.10643027599872,44.16,21.4,822.6,1.28,3.24,9
2026-06-17 11:00:00,V103,33.59648258130004,-112.12318573046852,42.89,24.3,911.2,2.17,2.7,8
2026-06-17 12:00:00,V102,33.43298192623308,-112.19076298510187,41.43,20.0,428.5,1.27,1.76,3
2026-06-17 13:00:00,V103,33.314349246118226,-111.90854008728283,45.62,22.3,398.4,3.87,5.37,7
2026-06-17 14:00:00,V102,33.31140655447123,-112.13377635346417,42.22,23.0,409.9,2.18,4.38,9
2026-06-17 15:00:00,V103,33.52386217724455,-111.97979107122322,42.34,25.1,408.3,2.29,5.19,6
2026-06-17 16:00:00,V102,33.497710660261106,-111.97122108159175,35.61,37.5,226.9,0.89,3.2,5
2026-06-17 17:00:00,V101,33.54063916743828,-111.92122278059783,34.21,32.2,895.2,2.42,3.89,5
2026-06-17 18:00:00,V102,33.33161026018584,-112.19083516287199,32.01,44.6,360.3,5.24,6.39,9
2026-06-17 19:00:00,V103,33.31067126011066,-111.9383854984659,32.07,27.4,515.0,1.78,4.0,8
2026-06-17 20:00:00,V103,33.45257378683427,-112.04183214574806,31.32,37.6,207.3,4.32,5.21,9
2026-06-17 21:00:00,V102,33.41627856944483,-112.01023676701026,32.93,41.1,843.5,3.96,3.07,6
2026-06-17 22:00:00,V101,33.43858408100129,-112.0066589168637,30.4,35.4,748.4,5.25,5.07,7
2026-06-17 23:00:00,V101,33.59747652266108,-111.95406065850459,31.79,27.4,910.1,1.23,3.18,6
2026-06-18 00:00:00,V102,33.5912249873012,-112.09997780335227,32.18,37.6,786.2,5.88,1.16,8
2026-06-18 01:00:00,V102,33.58269461690196,-111.980084643042,32.77,21.1,435.3,3.7,3.99,10
2026-06-18 02:00:00,V103,33.5351528030303,-112.04142656708335,33.07,24.8,385.9,5.98,3.29,14
2026-06-18 03:00:00,V101,33.406452408077065,-111.9619817957084,30.31,31.4,723.3,5.51,1.56,11
2026-06-18 04:00:00,V102,33.42363927907883,-111.90283619016897,29.7,32.3,473.1,1.72,4.29,15
2026-06-18 05:00:00,V101,33.464884813115674,-112.13980469477887,33.92,15.7,624.7,0.81,2.66,6
2026-06-18 06:00:00,V102,33.54916033692145,-111.901605407532,32.5,43.4,204.7,1.91,8.64,10
2026-06-18 07:00:00,V102,33.320613849755475,-112.17305635371517,33.98,35.9,246.4,3.4,1.8,4
2026-06-18 08:00:00,V101,33.427289065765464,-112.19930473562856,40.33,29.9,601.5,1.44,2.18,5
2026-06-18 09:00:00,V102,33.32478529903778,-112.18675141914666,40.66,43.0,624.6,1.42,5.3,7
2026-06-18 10:00:00,V102,33.454397275972056,-112.09746527857898,44.16,28.2,763.6,3.04,3.8,11
2026-06-18 11:00:00,V103,33.56967024720187,-112.01012810079648,43.69,44.4,299.0,0.68,5.27,5
2026-06-18 12:00:00,V102,33.534745477369185,-112.17929113773364,47.09,30.4,584.9,1.17,4.57,8
2026-06-18 13:00:00,V102,33.36835272526293,-112.19830025564113,46.22,18.4,345.8,2.79,3.13,9
2026-06-18 14:00:00,V102,33.59279725487964,-111.91887269146237,42.02,37.9,269.9,0.85,1.93,15
2026-06-18 15:00:00,V103,33.50020511941393,-111.95342200921803,41.94,35.4,507.9,2.68,5.61,6
2026-06-18 16:00:00,V101,33.303128309819215,-111.9572450486583,38.97,38.2,322.5,3.11,2.07,6
2026-06-18 17:00:00,V103,33.37662404540556,-111.93467271734941,37.16,43.5,366.3,2.98,4.84,7
2026-06-18 18:00:00,V103,33.378213989975976,-111.98998971816837,30.55,38.3,438.2,5.28,5.38,6
2026-06-18 19:00:00,V101,33.32077629188576,-112.16867876107558,33.03,33.3,394.5,3.42,3.81,4
2026-06-18 20:00:00,V103,33.58794795542278,-112.08026994357789,33.59,40.7,265.7,3.07,3.54,3
2026-06-18 21:00:00,V101,33.443476588372775,-111.98305515406062,29.36,35.2,267.4,2.76,2.52,8
2026-06-18 22:00:00,V103,33.568744379211566,-112.11589966176254,30.23,27.2,344.9,5.0,4.69,8
2026-06-18 23:00:00,V101,33.39666465103339,-111.99377809075914,28.94,41.6,237.9,5.42,-0.57,4
2026-06-19 00:00:00,V102,33.337570071129846,-112.1926504655197,31.6,21.7,669.8,5.19,5.07,5
2026-06-19 01:00:00,V103,33.44230083297186,-112.10815879773612,33.08,36.4,415.5,4.2,4.18,11
2026-06-19 02:00:00,V103,33.334186990414295,-112.03526089911685,34.25,41.4,409.8,1.26,3.67,7
2026-06-19 03:00:00,V103,33.44580465089326,-112.01037305114814,32.11,36.9,449.0,2.02,4.36,10
2026-06-19 04:00:00,V103,33.576089154365825,-112.02688780066143,34.44,35.9,697.1,0.75,1.94,9
2026-06-19 05:00:00,V102,33.456230442550265,-111.99067311717798,29.93,37.6,853.0,5.62,0.38,8
2026-06-19 06:00:00,V103,33.48494991806852,-112.19817337552806,29.44,29.0,769.3,4.13,4.7,8
2026-06-19 07:00:00,V102,33.346991531092144,-112.16971764000675,35.02,41.2,745.6,4.6,5.97,11
2026-06-19 08:00:00,V102,33.31312068776399,-111.93931672431626,38.58,21.1,563.3,2.21,1.39,12
2026-06-19 09:00:00,V102,33.33324238865394,-111.99547540677295,40.44,18.8,720.4,5.15,2.42,8
2026-06-19 10:00:00,V102,33.47955947270531,-112.1661205071942,39.29,23.6,614.6,1.93,5.13,8
2026-06-19 11:00:00,V101,33.32850350969769,-111.94737766878043,43.46,30.9,362.2,0.51,4.54,6
2026-06-19 12:00:00,V101,33.412797866982395,-112.12733063465264,42.04,30.3,356.4,2.57,8.44,13
2026-06-19 13:00:00,V103,33.465027582137445,-112.05652203474143,44.6,39.6,422.3,3.64,5.61,4
2026-06-19 14:00:00,V101,33.41659583958895,-112.1564410461346,42.94,27.1,883.1,3.13,5.25,12
2026-06-19 15:00:00,V101,33.34910514043959,-111.98696698307349,39.08,29.5,610.6,5.24,2.85,4
2026-06-19 16:00:00,V103,33.38213739225423,-111.99994367369573,37.23,15.4,750.4,1.08,4.79,12
2026-06-19 17:00:00,V103,33.57849525985458,-112.13666625865017,33.52,27.3,459.9,3.55,6.24,9
2026-06-19 18:00:00,V103,33.502794682675905,-111.9409797699429,31.91,34.4,505.8,3.32,3.75,10
2026-06-19 19:00:00,V101,33.448814351603964,-112.07960819273409,33.43,15.5,294.2,2.05,3.82,10
2026-06-19 20:00:00,V101,33.303814466996066,-112.11224547267878,30.52,23.4,328.5,5.02,4.21,8
2026-06-19 21:00:00,V103,33.59772462014684,-112.15430112316064,32.76,21.2,820.5,4.64,3.0,6
2026-06-19 22:00:00,V102,33.50143648046839,-112.12014959624534,31.2,16.3,638.6,4.53,4.4,11
2026-06-19 23:00:00,V103,33.39507674320348,-112.19339192363286,30.81,29.4,453.1,5.32,4.37,8
2026-06-20 00:00:00,V102,33.563780597999354,-112.02502275226317,31.84,20.5,802.1,4.48,6.22,8
2026-06-20 01:00:00,V102,33.377529486087546,-111.94733077609682,30.45,37.3,384.9,1.78,3.72,10
2026-06-20 02:00:00,V103,33.46320497375483,-112.03530586516752,31.17,40.4,932.0,4.38,5.01,9
2026-06-20 03:00:00,V103,33.49082122911895,-112.13421781142284,30.2,31.4,458.6,2.19,3.76,8
2026-06-20 04:00:00,V103,33.36631901143612,-112.18989924653584,34.95,44.5,453.0,1.83,4.96,3
2026-06-20 05:00:00,V101,33.59351918364018,-112.13561157802236,32.05,28.5,433.9,0.9,3.62,9
2026-06-20 06:00:00,V102,33.5244575717937,-112.07516357157867,30.95,30.4,291.6,4.59,4.86,10
2026-06-20 07:00:00,V101,33.46734396765332,-111.97211657139006,35.43,44.7,283.4,4.41,5.09,6
2026-06-20 08:00:00,V101,33.35417837945259,-112.14364714423867,37.83,21.9,686.1,1.79,2.4,6
2026-06-20 09:00:00,V103,33.316157462099405,-111.9840625639936,40.15,43.3,856.3,4.62,5.65,6
2026-06-20 10:00:00,V101,33.39601794975629,-111.93991995949445,43.31,16.3,792.9,5.55,3.75,7
2026-06-20 11:00:00,V103,33.52595620077402,-112.0638159455675,44.73,28.4,305.8,1.09,3.3,11
2026-06-20 12:00:00,V102,33.380799389490605,-111.95357040250722,43.2,17.1,609.2,1.78,2.93,7
2026-06-20 13:00:00,V103,33.461866866148654,-112.03360279558947,42.73,36.9,279.2,4.63,4.45,8
2026-06-20 14:00:00,V101,33.51838415301922,-112.00887274887573,41.98,33.3,234.0,2.01,3.99,7
2026-06-20 15:00:00,V101,33.332383114393934,-112.04211646189854,37.03,36.2,692.3,3.94,4.56,9
2026-06-20 16:00:00,V103,33.505589404834765,-112.0610481849746,35.73,26.2,601.4,0.95,4.59,3
2026-06-20 17:00:00,V103,33.32756126631301,-112.12960396746725,37.16,26.1,261.5,2.99,4.91,4
2026-06-20 18:00:00,V101,33.5895389226381,-112.1090417821617,34.47,16.4,226.2,4.57,8.16,14
2026-06-20 19:00:00,V102,33.44651823901948,-112.11300896431692,31.63,25.5,942.3,4.28,4.06,12
2026-06-20 20:00:00,V102,33.345202832312964,-112.03101332071385,32.86,42.9,222.5,4.98,2.9,12
2026-06-20 21:00:00,V103,33.40271509081006,-112.16401389209284,32.47,26.4,533.4,5.33,0.97,4
2026-06-20 22:00:00,V102,33.42402493478858,-111.9249624927893,36.62,39.9,578.5,4.75,2.21,9
2026-06-20 23:00:00,V101,33.52745550332296,-111.98380345641507,33.68,40.3,288.0,4.19,5.85,9
2026-06-21 00:00:00,V103,33.523027135822986,-112.07956631072605,31.81,26.2,326.8,0.67,5.08,9
2026-06-21 01:00:00,V101,33.4835821516012,-112.1524127566421,30.57,34.0,463.9,3.44,1.98,5
2026-06-21 02:00:00,V101,33.33177921376755,-111.93540234908352,29.59,17.9,771.3,0.71,7.7,12
2026-06-21 03:00:00,V102,33.3454708114763,-111.95286657296965,32.31,18.1,580.3,4.94,4.49,11
2026-06-21 04:00:00,V103,33.32812707619367,-111.98348353418486,30.87,16.5,678.4,2.26,4.69,3
2026-06-21 05:00:00,V103,33.47315183498626,-112.11853588577664,29.87,32.4,938.9,3.59,7.37,1
2026-06-21 06:00:00,V102,33.56314153245342,-112.0792660087699,31.03,27.8,776.0,2.04,6.61,9
2026-06-21 07:00:00,V101,33.43014015367643,-112.16917552426428,33.48,31.4,525.8,4.8,5.17,9
2026-06-21 08:00:00,V101,33.34825445218732,-112.14328814258174,40.53,30.6,534.8,5.38,5.24,6
2026-06-21 09:00:00,V101,33.46741269754469,-111.96509500880498,41.81,25.5,664.1,2.69,5.38,12
2026-06-21 10:00:00,V101,33.54352566505971,-111.9854883843448,42.38,35.3,699.0,5.25,3.64,10
2026-06-21 11:00:00,V103,33.52251361845388,-112.02195427110722,45.81,37.8,575.5,1.97,4.43,8
2026-06-21 12:00:00,V103,33.56443523390251,-111.93128198222216,44.12,15.4,683.6,3.44,4.86,8
2026-06-21 13:00:00,V102,33.38337062917466,-112.02502004465609,42.3,21.2,217.6,5.22,3.81,7
2026-06-21 14:00:00,V102,33.35818616018033,-112.05990960001093,44.68,36.4,522.2,2.29,2.55,10
2026-06-21 15:00:00,V103,33.56394494578258,-112.09788877610828,41.29,26.6,409.2,5.75,3.6,11
2026-06-21 16:00:00,V103,33.497268093833405,-111.91786544827916,36.44,34.9,296.9,1.17,2.52,7
2026-06-21 17:00:00,V101,33.393278679002265,-112.1751853615427,34.82,25.4,274.7,0.6,4.1,8
2026-06-21 18:00:00,V101,33.52270441517175,-111.92073378838177,30.69,26.7,652.4,5.47,1.33,13
2026-06-21 19:00:00,V102,33.54453551534411,-111.9519856020207,29.93,19.8,592.7,0.88,4.51,9
2026-06-21 20:00:00,V103,33.484493472102336,-112.16102102263929,33.39,22.7,390.2,5.96,1.55,2
2026-06-21 21:00:00,V102,33.50636523296397,-112.03050469269743,34.86,33.2,553.2,5.73,3.39,6
2026-06-21 22:00:00,V103,33.4125779713328,-111.94003560547527,29.9,28.0,569.2,1.25,4.76,3
2026-06-21 23:00:00,V101,33.46160870020291,-112.02845725091785,32.84,38.2,346.3,3.46,5.19,5
2026-06-22 00:00:00,V102,33.45724775121785,-111.92784005353182,31.02,40.6,689.1,1.52,5.01,12
2026-06-22 01:00:00,V102,33.55441433733923,-111.9171048549552,31.27,31.2,785.7,2.85,4.48,7
2026-06-22 02:00:00,V103,33.551989194084655,-112.0732846433447,31.11,37.7,793.6,0.84,2.32,8
2026-06-22 03:00:00,V101,33.54980414080411,-112.0868059015781,30.7,24.2,651.9,1.73,5.47,5
2026-06-22 04:00:00,V102,33.303309484278735,-111.91910365380926,32.07,27.4,583.7,2.5,2.36,9
2026-06-22 05:00:00,V101,33.524863645340666,-111.9974579816551,30.75,36.4,245.8,2.91,5.64,8
2026-06-22 06:00:00,V102,33.5276029170333,-112.16519319559555,32.41,26.6,415.9,5.88,4.94,11
2026-06-22 07:00:00,V101,33.50351364685654,-112.1873124752332,35.03,32.7,270.0,4.94,6.04,5
2026-06-22 08:00:00,V103,33.52687939736744,-112.03061128470083,37.64,20.6,922.9,4.56,4.04,7
2026-06-22 09:00:00,V102,33.55259111144901,-111.92094871036848,39.12,33.0,301.3,3.45,2.77,7
2026-06-22 10:00:00,V102,33.441095716230535,-111.94672538927826,41.53,40.8,313.8,5.12,2.06,3
2026-06-22 11:00:00,V101,33.45061506404653,-111.9972456760607,44.72,41.1,867.2,2.37,2.23,10
2026-06-22 12:00:00,V101,33.337414217073416,-112.15826524533267,44.75,36.7,907.9,4.4,1.54,7
2026-06-22 13:00:00,V102,33.41561276491421,-112.12373058487539,42.12,37.4,774.4,5.97,5.41,5
2026-06-22 14:00:00,V103,33.493009553973536,-111.93734663203422,42.54,31.7,204.1,2.23,5.6,7
2026-06-22 15:00:00,V101,33.534119932844185,-112.14515782900294,41.61,32.5,201.0,4.21,4.83,5
2026-06-22 16:00:00,V101,33.365162729307364,-112.11646817752488,35.5,19.0,483.6,5.14,3.95,7
2026-06-22 17:00:00,V101,33.34134686974777,-112.16111980464137,35.92,28.3,307.5,5.54,7.09,11
2026-06-22 18:00:00,V102,33.49891260135015,-111.99716753057568,31.01,28.5,213.8,4.45,3.85,4
2026-06-22 19:00:00,V102,33.30056396505747,-111.91680530839105,32.86,43.8,548.1,2.06,4.33,10
2026-06-22 20:00:00,V102,33.3535117752922,-112.11930959052138,30.86,27.9,907.3,2.29,3.93,9
2026-06-22 21:00:00,V102,33.30872141410318,-112.05737801764498,29.29,31.5,442.9,0.61,3.49,10
2026-06-22 22:00:00,V103,33.35006553535646,-112.00969807808664,29.56,31.0,695.9,4.68,4.95,10
2026-06-22 23:00:00,V103,33.35439578397765,-111.90016012553532,32.07,34.1,689.2,0.74,3.05,7
2026-06-23 00:00:00,V102,33.41630207842512,-112.16855758050073,32.39,37.4,388.3,5.26,2.95,5
2026-06-23 01:00:00,V103,33.420698137405964,-112.0504287601483,30.64,21.8,687.8,1.15,5.02,7
2026-06-23 02:00:00,V101,33.56227874118307,-112.08446396402925,32.96,30.9,359.3,1.45,3.25,5
2026-06-23 03:00:00,V101,33.453032913749645,-111.9402539504333,29.51,39.8,291.5,3.12,4.2,3
2026-06-23 04:00:00,V101,33.51702142968369,-112.0572096806965,31.9,28.9,726.0,4.56,3.49,3
2026-06-23 05:00:00,V102,33.33124120737608,-112.16670674262446,30.18,23.4,285.1,1.26,3.98,9
2026-06-23 06:00:00,V101,33.36763162663911,-112.00967275641403,31.02,34.6,947.7,2.92,2.99,10
2026-06-23 07:00:00,V103,33.510883032293606,-111.96876581452084,35.18,39.7,337.6,3.16,3.04,8
2026-06-23 08:00:00,V102,33.31584118814055,-112.19913562450031,36.71,16.9,645.6,1.67,2.77,6
2026-06-23 09:00:00,V103,33.44597929867312,-111.94231299437382,39.91,38.3,508.5,1.14,5.26,5
2026-06-23 10:00:00,V101,33.47981068969888,-112.1441930999983,43.9,39.6,294.8,5.1,4.26,7
2026-06-23 11:00:00,V101,33.48064369321575,-112.03437919060399,42.73,28.8,220.9,3.26,5.38,7
2026-06-23 12:00:00,V101,33.30687984338041,-112.07526074979377,45.25,44.5,667.0,0.58,5.54,8
2026-06-23 13:00:00,V102,33.396632401268754,-111.98410385501684,41.9,38.6,805.1,4.92,3.31,9
2026-06-23 14:00:00,V103,33.490947195314746,-112.08865151556428,43.19,38.2,831.5,5.89,5.32,11
2026-06-23 15:00:00,V102,33.34469992084477,-111.9390710469955,42.65,37.4,562.0,3.83,3.98,6
2026-06-23 16:00:00,V102,33.508624694498415,-111.98085109171237,34.29,19.5,783.1,3.27,3.76,8
2026-06-23 17:00:00,V101,33.5237775626441,-112.00568604868113,33.91,21.5,704.6,5.33,5.88,9
2026-06-23 18:00:00,V102,33.594590757133844,-111.96112782133115,32.87,28.9,743.2,5.74,4.83,7
2026-06-23 19:00:00,V102,33.36295259845692,-111.9737930895215,31.7,22.9,569.4,4.65,3.47,6
2026-06-23 20:00:00,V101,33.54753920029984,-112.18921839752353,32.56,27.5,675.1,2.95,4.73,8
2026-06-23 21:00:00,V102,33.456088973075595,-112.08157969384655,31.09,41.7,804.1,3.76,2.1,9
2026-06-23 22:00:00,V101,33.412038778843254,-111.92075781080506,32.13,39.7,498.4,4.36,4.37,8
2026-06-23 23:00:00,V101,33.336713027197554,-112.16228271930234,31.77,33.9,804.5,1.57,1.75,13
2026-06-24 00:00:00,V101,33.52065168194626,-111.9788710348704,33.75,40.7,644.0,2.96,2.52,9
2026-06-24 01:00:00,V101,33.3707572797431,-111.90762245659941,32.38,38.5,324.4,5.06,4.88,9
2026-06-24 02:00:00,V102,33.41142660056191,-112.18434041128651,32.51,27.9,218.5,4.1,-0.01,11
2026-06-24 03:00:00,V101,33.318762668069205,-111.99534183581203,31.38,21.0,472.1,2.76,6.7,7
2026-06-24 04:00:00,V101,33.54041007474586,-112.05955375760969,31.27,30.4,610.0,4.15,5.25,7
2026-06-24 05:00:00,V102,33.529976557191496,-112.02624742338759,31.35,37.1,829.9,1.15,1.24,6
2026-06-24 06:00:00,V102,33.520084749012696,-112.1743975990547,32.59,28.1,295.6,2.71,7.6,6
2026-06-24 07:00:00,V103,33.38983305314756,-112.18709791443992,34.47,35.0,800.2,4.86,8.01,12
2026-06-24 08:00:00,V102,33.352044022279784,-111.99994000183473,38.43,17.8,847.3,1.71,3.73,8
2026-06-24 09:00:00,V102,33.491265979341065,-111.95300717105378,43.6,37.4,313.0,1.52,2.61,8
2026-06-24 10:00:00,V103,33.448849915233964,-111.96539539952012,43.7,39.4,838.7,5.73,6.53,3
2026-06-24 11:00:00,V102,33.35347574007139,-112.03685828164014,43.1,36.2,943.6,1.65,3.48,11
2026-06-24 12:00:00,V102,33.50577338131496,-112.17003995365916,45.8,44.0,745.1,1.94,4.24,9
2026-06-24 13:00:00,V102,33.59733792954639,-111.9935866668492,42.98,39.8,788.6,5.83,5.83,12
2026-06-24 14:00:00,V102,33.52416587632261,-112.12743333493376,39.34,42.1,945.8,4.54,3.77,8
2026-06-24 15:00:00,V103,33.521995916005686,-111.92667938916979,38.97,43.0,654.1,4.35,3.64,5
2026-06-24 16:00:00,V102,33.58509382587918,-111.94852039213629,35.19,39.0,430.9,5.19,2.09,6
2026-06-24 17:00:00,V102,33.36088091027247,-111.98718510987379,34.58,35.2,828.1,1.14,3.05,5
2026-06-24 18:00:00,V103,33.469664989476435,-111.91534621325067,32.03,15.2,660.9,4.38,3.61,7
2026-06-24 19:00:00,V101,33.59389401451017,-112.19057345354662,34.51,29.0,635.9,3.27,2.14,10
2026-06-24 20:00:00,V103,33.34958823329105,-111.97913987248178,32.49,32.1,390.2,5.06,2.28,6
2026-06-24 21:00:00,V101,33.510075587833356,-112.10092716619909,31.67,24.1,767.3,3.29,4.05,6
2026-06-24 22:00:00,V103,33.47574304379157,-111.92818023429409,33.24,24.5,261.3,3.91,1.23,8
2026-06-24 23:00:00,V103,33.47594372765661,-112.11999744100142,28.68,43.8,893.2,3.13,2.68,7
2026-06-25 00:00:00,V102,33.509301188256025,-111.98254305020549,32.35,41.8,444.4,3.13,6.92,9
2026-06-25 01:00:00,V101,33.578885076862704,-111.93670589410478,33.16,40.5,295.8,4.72,3.48,3
2026-06-25 02:00:00,V102,33.5347745819554,-112.1875029544852,29.78,27.2,531.8,3.96,3.29,7
2026-06-25 03:00:00,V101,33.31684083102486,-112.08070572612239,33.72,15.4,231.9,3.98,3.48,11
2026-06-25 04:00:00,V103,33.55581840596271,-111.97130729039343,32.51,17.4,713.5,2.98,3.5,13
2026-06-25 05:00:00,V103,33.36766239897772,-112.06352433314773,31.38,24.4,877.0,3.42,4.86,6
2026-06-25 06:00:00,V101,33.41307424942091,-112.11982421106192,32.95,15.5,827.9,4.6,4.76,4
2026-06-25 07:00:00,V102,33.438519844083714,-112.13405839535305,38.51,15.5,295.5,5.04,3.41,9
2026-06-25 08:00:00,V102,33.44427180022592,-112.1605445199251,38.27,42.5,294.7,4.33,3.68,5
2026-06-25 09:00:00,V102,33.43055411977661,-111.94286113204312,40.86,36.2,810.1,5.58,5.97,7
2026-06-25 10:00:00,V102,33.58120598826476,-112.02739337902453,41.7,24.3,893.2,5.01,1.73,7
2026-06-25 11:00:00,V103,33.511805702299206,-112.17708451650256,42.32,19.0,545.5,3.59,3.91,11
2026-06-25 12:00:00,V103,33.48935119378701,-112.08522590292881,45.25,30.3,574.2,4.19,4.2,8
2026-06-25 13:00:00,V103,33.31495260833488,-112.08967990475847,42.31,15.2,438.7,5.59,2.83,6
2026-06-25 14:00:00,V103,33.57117399907811,-112.14547824278716,42.5,43.2,870.7,3.91,3.83,7
2026-06-25 15:00:00,V103,33.57281705760252,-112.06934771235835,39.77,27.4,683.7,5.04,2.63,5
2026-06-25 16:00:00,V102,33.53406391902903,-112.10037019038207,38.72,27.1,416.2,4.29,4.96,5
2026-06-25 17:00:00,V102,33.30210876114408,-112.09745888835235,35.61,26.7,424.1,3.54,1.99,7
2026-06-25 18:00:00,V102,33.31718407532328,-111.97829203266362,33.56,17.1,868.4,1.83,5.59,6
2026-06-25 19:00:00,V102,33.36756711068055,-112.13302098434845,31.23,34.1,210.2,2.84,3.89,10
2026-06-25 20:00:00,V103,33.33940482244347,-112.0074420123434,31.6,37.0,442.0,5.82,3.33,8
2026-06-25 21:00:00,V103,33.419650808911115,-112.02880511283573,30.53,35.3,615.8,4.12,2.49,10
2026-06-25 22:00:00,V103,33.57678691742634,-112.02957224629864,31.33,19.2,311.2,3.6,5.55,5
2026-06-25 23:00:00,V101,33.4416181302591,-112.00109779615747,32.57,32.4,269.1,5.63,3.02,7
2026-06-26 00:00:00,V102,33.304020787929645,-112.03548538914131,33.14,32.1,811.5,3.73,2.25,9
2026-06-26 01:00:00,V102,33.384823706873625,-111.93622346554609,30.62,41.1,870.8,3.39,5.58,5
2026-06-26 02:00:00,V103,33.313378472511886,-111.99732597241493,33.3,26.4,817.7,4.68,2.64,9
2026-06-26 03:00:00,V102,33.31088628678405,-112.03591102458859,34.03,26.1,874.1,4.42,3.86,7
2026-06-26 04:00:00,V102,33.38271595592867,-111.95107106391372,32.62,33.6,614.8,1.56,5.23,6
2026-06-26 05:00:00,V103,33.38268370160368,-112.01815603051996,34.82,34.0,809.2,3.09,4.24,12
2026-06-26 06:00:00,V101,33.53613798078048,-112.11265672566445,30.84,29.1,488.0,3.1,6.6,11
2026-06-26 07:00:00,V101,33.592450395834334,-112.13787152454704,33.24,28.3,699.7,2.58,2.75,5
2026-06-26 08:00:00,V101,33.411362128167,-112.1543016643012,35.33,29.8,941.6,3.35,3.68,5
2026-06-26 09:00:00,V103,33.42866606365831,-111.93016343623617,42.73,40.8,369.3,2.77,3.8,5
2026-06-26 10:00:00,V102,33.55343683088581,-111.98695937046058,43.37,28.8,492.4,1.6,4.93,8
2026-06-26 11:00:00,V103,33.380441706028655,-111.9187864685507,43.51,43.2,560.0,2.77,5.93,5
2026-06-26 12:00:00,V103,33.346914541321034,-112.01901245828552,44.42,30.1,303.5,0.9,4.11,10
2026-06-26 13:00:00,V102,33.555926887021094,-112.05797973555153,41.9,43.5,260.8,3.67,3.79,12
2026-06-26 14:00:00,V101,33.313950175932014,-112.18208505330874,46.06,40.0,822.3,5.2,1.78,7
2026-06-26 15:00:00,V101,33.485909832059825,-111.9985073155362,40.68,25.9,932.6,4.49,4.17,8
2026-06-26 16:00:00,V103,33.468597854240045,-112.02533737206953,38.16,40.9,503.5,2.48,3.02,11
2026-06-26 17:00:00,V101,33.403776134250506,-111.90293733192372,36.19,18.3,265.7,0.98,4.93,10
2026-06-26 18:00:00,V103,33.3945568563292,-112.12825236666534,32.72,42.8,249.4,1.61,3.39,8
2026-06-26 19:00:00,V103,33.531557317854485,-112.04077879341395,32.34,33.9,868.5,3.5,3.64,11
2026-06-26 20:00:00,V102,33.32592738322876,-112.00471279946458,30.81,16.6,547.9,1.64,1.81,9
2026-06-26 21:00:00,V102,33.371035292793415,-112.0066226475773,32.71,34.3,440.0,3.49,1.28,11
2026-06-26 22:00:00,V102,33.51973461955143,-112.03161193711549,34.82,44.2,557.3,1.77,6.79,10
2026-06-26 23:00:00,V103,33.46449617511793,-111.96692159690184,34.02,17.1,438.7,5.17,4.19,5
2026-06-27 00:00:00,V102,33.33839646256008,-112.13850563714196,34.39,31.6,566.8,2.68,4.61,13
2026-06-27 01:00:00,V101,33.56464068428462,-111.98231183991768,31.23,37.4,844.7,1.85,2.63,6
2026-06-27 02:00:00,V101,33.41803435396908,-112.01407962857007,30.52,39.3,644.2,4.97,5.31,9
2026-06-27 03:00:00,V103,33.54836051259665,-111.93117746646163,31.81,27.4,721.0,2.39,5.04,4
2026-06-27 04:00:00,V103,33.536313904658314,-111.94584166828993,32.08,21.1,473.5,1.11,2.8,10
2026-06-27 05:00:00,V102,33.48732763394152,-112.10545588826024,33.64,16.3,753.9,3.64,2.41,5
2026-06-27 06:00:00,V103,33.44834433938853,-112.11712880250745,29.46,32.4,700.0,3.7,2.9,9
2026-06-27 07:00:00,V103,33.593865252114526,-111.90550400284427,37.4,28.6,289.7,4.43,3.96,7
2026-06-27 08:00:00,V101,33.34348952171394,-112.04182044572542,37.76,43.5,629.5,1.82,4.25,11
2026-06-27 09:00:00,V101,33.517546718265336,-111.92807371082567,39.84,16.8,392.6,2.94,4.06,7
2026-06-27 10:00:00,V102,33.35735721043943,-112.15083569286585,40.87,35.6,803.1,2.05,5.95,6
2026-06-27 11:00:00,V103,33.401478931599705,-112.00715432555995,41.11,15.7,519.5,0.95,2.93,12
2026-06-27 12:00:00,V103,33.39260962301196,-111.95704194379184,45.23,20.1,946.0,5.32,2.37,9
2026-06-27 13:00:00,V101,33.58411079632162,-111.91578142512407,43.7,28.6,269.4,4.51,4.0,7
2026-06-27 14:00:00,V103,33.59020685333648,-112.0987979576949,40.46,28.6,785.3,2.16,1.46,8
2026-06-27 15:00:00,V101,33.354904633270415,-111.98250564902278,38.54,35.6,705.3,3.8,5.04,7
2026-06-27 16:00:00,V102,33.306610548089246,-112.03835609728812,37.5,42.3,775.6,1.61,4.15,8
2026-06-27 17:00:00,V101,33.51600241189893,-112.18181132218007,37.61,34.2,430.6,5.4,3.49,8
2026-06-27 18:00:00,V103,33.425396980161146,-111.99300007880733,31.61,43.6,569.0,1.13,3.41,5
2026-06-27 19:00:00,V102,33.32665207352627,-111.99297103252866,29.75,41.4,797.4,0.52,5.36,6
2026-06-27 20:00:00,V101,33.50512623167311,-111.92081795854604,31.63,32.5,374.4,3.26,5.32,7
2026-06-27 21:00:00,V101,33.46353165847821,-112.05080626614931,31.59,40.0,369.5,3.71,3.63,9
2026-06-27 22:00:00,V102,33.594155046600335,-112.13092472378685,27.95,34.3,613.3,3.68,4.89,4
2026-06-27 23:00:00,V102,33.368222848758414,-112.1866308529654,31.92,17.4,592.7,0.8,5.3,8
2026-06-28 00:00:00,V101,33.42119336289797,-112.07530734399423,31.65,37.2,411.7,2.23,4.5,5
2026-06-28 01:00:00,V103,33.46276374101863,-112.10942498997676,33.04,17.8,423.6,3.25,3.69,11
2026-06-28 02:00:00,V101,33.53750999653601,-111.97167350819284,34.77,32.8,408.4,1.69,4.57,8
2026-06-28 03:00:00,V102,33.464651597016015,-112.09371967054769,33.69,36.1,778.6,5.3,2.44,6
2026-06-28 04:00:00,V101,33.48387004825859,-111.91527864110556,31.6,17.0,688.9,0.98,4.11,10
2026-06-28 05:00:00,V102,33.36784411547698,-111.91130693910367,30.34,21.9,824.3,3.18,3.65,10
2026-06-28 06:00:00,V102,33.554075618426566,-112.01372742293469,35.86,42.5,931.6,4.3,3.42,4
2026-06-28 07:00:00,V103,33.42858916409114,-111.92140191389554,35.19,33.5,555.6,1.94,1.41,13
2026-06-28 08:00:00,V102,33.34228788825653,-111.97174369664566,38.02,22.4,250.0,3.93,2.46,11
2026-06-28 09:00:00,V102,33.499256374351624,-112.03594210770747,40.45,35.7,236.1,5.06,3.27,12
2026-06-28 10:00:00,V103,33.36482713595559,-112.14590761937318,42.69,32.9,421.7,1.55,5.34,7
2026-06-28 11:00:00,V102,33.32926875307179,-112.06242061694586,43.37,30.0,899.4,5.54,4.43,12
2026-06-28 12:00:00,V103,33.55859607252128,-112.03173766099123,43.14,44.3,592.4,3.54,5.41,9
2026-06-28 13:00:00,V103,33.43804867934653,-111.94081152577951,42.77,35.5,403.8,2.15,5.86,18
2026-06-28 14:00:00,V102,33.52478511380873,-112.0555999870393,42.34,26.3,499.4,2.87,4.49,5
2026-06-28 15:00:00,V102,33.3871762679419,-111.93069759819662,39.67,39.0,648.9,2.22,4.21,5
2026-06-28 16:00:00,V101,33.5360910404753,-111.99769530629297,36.93,41.5,689.7,4.49,2.54,10
2026-06-28 17:00:00,V103,33.33358077810646,-112.1589002810839,35.27,18.8,315.4,4.88,6.98,10
2026-06-28 18:00:00,V101,33.40679201213845,-111.90150558920247,31.62,21.0,932.8,5.08,1.87,10
2026-06-28 19:00:00,V102,33.59341854539206,-112.04183020177383,34.26,21.5,608.6,5.92,4.18,6
2026-06-28 20:00:00,V101,33.5381969149104,-112.08244251107728,28.02,35.7,301.8,4.85,5.25,9
2026-06-28 21:00:00,V103,33.44917677909441,-112.00226587065914,33.64,33.1,870.2,3.81,5.27,11
2026-06-28 22:00:00,V101,33.40193324146856,-112.16733200580569,33.87,33.6,256.0,2.37,2.27,4
2026-06-28 23:00:00,V103,33.56164071000674,-112.009038405974,28.89,43.2,880.8,3.5,3.37,3
2026-06-29 00:00:00,V102,33.46345432772535,-112.05052919985022,31.49,38.3,947.4,0.73,2.8,6
2026-06-29 01:00:00,V102,33.52752750536073,-112.07799777900043,31.44,18.8,725.3,4.6,1.03,9
2026-06-29 02:00:00,V103,33.52623230409485,-111.91409399364633,29.89,25.4,777.8,2.95,4.2,10
2026-06-29 03:00:00,V102,33.30538370357054,-112.04323808498039,30.83,28.1,453.0,0.61,2.92,7
2026-06-29 04:00:00,V102,33.337876134837785,-112.13426475615903,30.33,26.9,906.2,0.84,6.26,5
2026-06-29 05:00:00,V102,33.49788880991842,-112.06231095618682,34.63,35.1,597.3,2.63,4.92,9
2026-06-29 06:00:00,V102,33.34848594338576,-111.9241837786282,33.4,41.8,749.3,3.71,4.06,9
2026-06-29 07:00:00,V103,33.37664800339668,-112.14717135860083,37.01,24.2,893.1,3.05,3.29,11
2026-06-29 08:00:00,V101,33.58399138625988,-112.13581288839353,39.08,31.6,931.4,3.91,4.17,7
2026-06-29 09:00:00,V101,33.46805467751247,-112.19609112967288,38.79,38.7,824.9,3.14,3.62,8
2026-06-29 10:00:00,V102,33.525218852099805,-112.19574298518127,41.61,27.5,427.3,4.14,4.1,12
2026-06-29 11:00:00,V101,33.46739422163479,-111.95118251191245,44.33,20.0,924.9,1.71,6.85,4
2026-06-29 12:00:00,V101,33.46575408443482,-111.98036321794712,42.17,29.2,671.1,1.12,2.4,4
2026-06-29 13:00:00,V102,33.328245573037705,-112.09348768306441,44.66,16.7,898.0,3.78,3.75,10
2026-06-29 14:00:00,V102,33.40309895778273,-111.99050665283173,42.03,43.3,707.1,3.17,5.06,7
2026-06-29 15:00:00,V101,33.384729269605955,-112.08143822210701,39.92,17.2,430.4,0.65,3.4,9
2026-06-29 16:00:00,V103,33.41721850968408,-111.91413096120066,39.07,28.2,477.5,2.59,6.37,5
2026-06-29 17:00:00,V102,33.5395032564673,-111.90988419557219,35.77,30.9,612.9,1.08,5.02,13
2026-06-29 18:00:00,V103,33.41157980037506,-112.0821618672572,31.46,44.6,792.5,3.42,2.92,10
2026-06-29 19:00:00,V101,33.43550904576951,-111.94373342809774,33.74,20.0,438.5,2.68,4.31,9
2026-06-29 20:00:00,V102,33.4192144171456,-111.96807328749077,30.38,18.4,634.8,3.87,2.94,8
2026-06-29 21:00:00,V103,33.32802239159258,-112.10700001884847,32.92,15.3,459.2,4.93,2.81,10
2026-06-29 22:00:00,V102,33.432321647475234,-112.13038805132967,32.89,19.7,811.8,2.15,3.79,9
2026-06-29 23:00:00,V101,33.35868278191335,-112.06252960488216,31.54,21.2,550.0,5.79,5.9,5
2026-06-30 00:00:00,V103,33.35601698873191,-111.96559534781568,32.49,33.9,257.5,3.45,5.12,13
2026-06-30 01:00:00,V101,33.328210831330274,-111.91194966458139,30.12,21.6,324.5,3.9,3.97,5
2026-06-30 02:00:00,V101,33.407001292242526,-111.97092627934003,33.39,15.6,245.8,4.24,5.17,21
2026-06-30 03:00:00,V102,33.527244565436824,-111.94343790449449,31.72,39.8,574.5,4.17,4.4,3
2026-06-30 04:00:00,V103,33.38293250717502,-112.01908070814885,31.22,26.0,279.8,3.31,2.25,5
2026-06-30 05:00:00,V101,33.39370473056565,-111.94937765074737,33.57,25.6,285.6,2.86,3.78,7
2026-06-30 06:00:00,V101,33.49280239730173,-111.96467374259898,30.94,24.1,905.8,0.8,3.89,6
2026-06-30 07:00:00,V103,33.358752243776074,-112.08690433742213,32.99,44.3,854.5,0.62,5.14,6
2026-06-30 08:00:00,V101,33.56908737912706,-112.03440290936379,35.67,20.1,539.1,2.47,3.15,5
2026-06-30 09:00:00,V101,33.45605715697547,-111.95857406340309,41.39,41.9,939.4,2.34,2.63,5
2026-06-30 10:00:00,V103,33.43428088209606,-112.18618297974301,40.47,38.3,200.1,2.63,3.93,7
2026-06-30 11:00:00,V103,33.46734605757876,-111.95757621529326,46.22,17.3,660.5,1.26,3.03,7
2026-06-30 12:00:00,V103,33.349810294024856,-112.1466335627853,40.88,44.6,662.3,4.56,3.51,14
2026-06-30 13:00:00,V103,33.484041941591755,-112.04559491486357,46.14,23.1,543.1,5.21,3.88,11
2026-06-30 14:00:00,V102,33.4089302209902,-111.95751736813322,42.71,18.0,497.7,5.66,3.43,7
2026-06-30 15:00:00,V103,33.56915590228939,-112.123853676553,40.34,39.9,541.5,3.21,5.44,7
2026-06-30 16:00:00,V102,33.350656262003305,-112.12625776820816,37.18,36.2,511.2,4.35,6.12,6
2026-06-30 17:00:00,V102,33.45211533115963,-112.07917068046133,35.7,33.5,747.9,5.21,5.29,6
2026-06-30 18:00:00,V102,33.4794337888107,-111.93160716072671,31.94,19.7,301.5,2.8,1.34,8
2026-06-30 19:00:00,V101,33.31001508053591,-112.19986716556885,33.65,29.4,348.2,2.2,3.04,6
2026-06-30 20:00:00,V102,33.40910793742684,-111.92958507100742,32.17,38.4,335.4,5.65,3.73,10
2026-06-30 21:00:00,V102,33.51979057041025,-112.15385789260752,32.23,24.1,396.9,3.34,1.23,6
2026-06-30 22:00:00,V101,33.54611325223469,-111.90297408717976,31.45,24.4,593.9,3.23,2.69,13
2026-06-30 23:00:00,V101,33.393948598445185,-111.91354590208846,31.91,15.1,283.4,1.48,3.71,5
